Product Name,Image Link
Alsatian Apple Tart,https://encrypted-tbn0.gstatic.com/images?q=tbn:ANd9GcStKyyYwhPYQfWQ7etFKpLkVqh3HjoxF3JWtw&s
Alsatian Apple Tart with Caramelized Pecans,https://foodandjourneys.net/wp-content/uploads/2025/03/Alsatian-Apple-Tart-PIC1.jpg
Alsatian Bacon and Onion Quiche,https://www.giftofhospitality.com/wp-content/uploads/2022/04/whole-bacon-quiche.jpg
Alsatian Bacon and Onion Tart,https://www.allrecipes.com/thmb/T02SmpGJ2Lx5g64eZ5tugMP_beM=/1500x0/filters:no_upscale():max_bytes(150000):strip_icc()/256547_Tarte-Flambe-Alsatian-Bacon-and-Onion-Tart-2x1-recipeID-256547-6aa5b4930ea0425c9d112cf2651a1236.jpg
Apfelstrudel mit Sahne,https://as1.ftcdn.net/jpg/01/13/88/54/1000_F_113885451_mfDi4X2xPHR0rQAAU4sEaiGkInW5qTYS.jpg
Apfelstrudel mit Sahne (German-style apple strudel with whipped cream),https://www.daringgourmet.com/wp-content/uploads/2023/10/Apple-Strudel-Recipe-2.jpg
Apple Strudel with Caramel Sauce,https://rms-media-prod.generalmills.com/045f0098-ec5d-4d3d-b875-3fc3660ede5e.jpg
Apple Strudel with Caramel Sauce and Whipped Cream,https://encrypted-tbn0.gstatic.com/images?q=tbn:ANd9GcRI1_O1eWbEL1xsTH7BHqanoqQqDsEhvqMLEA&s
Apple Strudel with Caramelized Pecans,https://encrypted-tbn0.gstatic.com/images?q=tbn:ANd9GcRVElKlrWCAozu9SEX-Guv4lzUUg3VGg3gQWg&s
Apple Strudel with Caramelized Pecans and Whipped Cream,https://encrypted-tbn0.gstatic.com/images?q=tbn:ANd9GcT0DvyPQnbrY84KD5hyrFmiBE3bJIQnwMUl6w&s
Apple Strudel with Cinnamon Whipped Cream,https://www.moresweetsplease.com/wp-content/uploads/2013/10/AppleCinnamonStrudel-1024x680.jpg
Apple Strudel with Vanilla Ice Cream,https://stressbaking.com/wp-content/uploads/2021/08/apple-strudel-1-3-500x375.jpg
Apple Strudel with Whipped Cream,https://www.moresweetsplease.com/wp-content/uploads/2013/10/AppleCinnamonStrudel-1024x680.jpg
Apple and Brie Tartlets,https://encrypted-tbn0.gstatic.com/images?q=tbn:ANd9GcR_zAIJyKY_Aan3QLmFckWG5WCETAdZuyS_BQ&s
Apple and Brie Tartlets with Caramelized Onions,https://www.howsweeteats.com/wp-content/uploads/2020/10/apple-brie-tart-8.jpg
Asparagus and Prosciutto Salad with Burrata Cheese,https://hips.hearstapps.com/goodhousekeeping-uk/main/galleries/24053/salad-on-platter-asparagus-burrata-prosciutto-salad-food-Good-Housekeeping-UK.jpg
Asparagus and Prosciutto Tart with Balsamic Glaze,https://foodiegalfresh.com/wp-content/uploads/2024/03/Asparagus-and-proscuitto-tart-3-600x800.jpg
Bacalhau à Brás,https://www.pingodoce.pt/wp-content/uploads/2016/03/bacalhau-a-bras.jpg
Baked Camembert with Fig Jam,https://images.squarespace-cdn.com/content/v1/5f3d4be3b1c0dd56a807d013/1598013041134-L4DQESNX1L9RFWDHB870/IMG_2670.jpg
Baked Camembert with Fig Jam and Crackers,https://cookingwithzahra.com/wp-content/uploads/2023/12/66921F42-0770-4F50-83D8-3C6064BB78C8-760x1351.jpeg
Baked Camembert with Fresh Fruit,https://encrypted-tbn0.gstatic.com/images?q=tbn:ANd9GcSFTFyyVtxyK4PEd9axinZK9wnz0HIMioso8w&s
Beef Bourguignon,https://static01.nyt.com/images/2023/08/24/multimedia/MC-Beef-Bourguignon-lpbv/MC-Beef-Bourguignon-lpbv-mediumSquareAt3X-v4.jpg
Belgian Endive and Apple Salad with Walnuts and Blue Cheese,https://assets.wsimgs.com/wsimgs/rk/images/dp/recipe/202509/0001/img35l.jpg
Bistecca alla Fiorentina,https://www.billyparisi.com/wp-content/uploads/2018/12/bistecca-12.jpg
Bobotie,https://encrypted-tbn0.gstatic.com/images?q=tbn:ANd9GcSisrhopy0_0TxRSocXAH8q2y6T8eOGpHluEg&s
Boeuf Bourguignon,https://ichef.bbc.co.uk/ace/standard/1600/food/recipes/boeuf_bourguignon_25475_16x9.jpg.webp
Bouillabaisse,https://encrypted-tbn0.gstatic.com/images?q=tbn:ANd9GcRzNfKeMsyt9ORXJZ6DtqZauDhT0a7rILHQiA&s
Bouillabaisse (Traditional Provençal Fish Stew),https://poshjournal.com/wp-content/uploads/2021/01/easy-bouillabaisse-recipe.jpg
Bourgogne-Style Escargots with Garlic Butter,https://encrypted-tbn0.gstatic.com/images?q=tbn:ANd9GcS-Qz5Z2BjaQLoKHSbEOVTmL0Ju5NsBIXleoQ&s
Braised Beef Short Ribs,https://austin-eats.com/wp-content/uploads/braised-short-ribs.jpg
Braised Beef Short Ribs with Mushroom Risotto,https://laurenfromscratch.com/wp-content/uploads/2022/05/short-rib-and-mushroom-risotto-featured-image.jpg
Braised Beef Short Ribs with Mushroom and Onion Compote,https://static1.squarespace.com/static/5cf55dd567d6ba0001de8755/5cfd4cd3ffebc200012ae686/5fd157978185f4776afdaf4a/1612800550076/CEFAF433-F7A4-4160-A5D3-61F4C5BB0A52.JPG?format=1500w
Braised Beef Short Ribs with Polenta,https://encrypted-tbn0.gstatic.com/images?q=tbn:ANd9GcRuzM7KB-HkBTh9c2B4j0fASrqmr-lQhSyk9Q&s
Braised Beef Short Ribs with Polenta and Mushroom Ragù,https://preview.redd.it/homemade-braised-short-rib-ragu-with-polenta-pecorino-grana-v0-f6bpolh3bmqc1.png?width=640&crop=smart&auto=webp&s=cd9c97112f81913cf36371fc640c77b157bb68db
Braised Beef Short Ribs with Polenta and Mushroom Risotto,https://encrypted-tbn0.gstatic.com/images?q=tbn:ANd9GcQUYSBvgTEwborSO7-Y-Vzpsir5BwYO5lX3eA&s
Braised Beef Short Ribs with Truffle Risotto,https://encrypted-tbn0.gstatic.com/images?q=tbn:ANd9GcRz8Cqbn4CLA7bKyKPLkSBUNaC6bAU_pj9SiA&s
Braised Lamb Shanks with Garlic Mashed Potatoes,https://themeatclub.com.sg/cdn/shop/files/the-meat-club-Braised-Lamb-Shanks-with-Mash-and_Broccoli.jpg?v=1705912726
Braised Lamb Shanks with Rosemary and Garlic,https://assets.epicurious.com/photos/578d1fda0103fcdb27360fe5/1:1/w_2560%2Cc_limit/braised-lamb-shanks-with-rosemary.jpg
Braised Short Ribs with Garlic Mashed Potatoes,https://i.redd.it/2inkvlishjob1.jpg
Braised Short Ribs with Mashed Potatoes,https://encrypted-tbn0.gstatic.com/images?q=tbn:ANd9GcRiwZo41B5YqcFu1EHLLl9zE15zfvxL7Yb1Kg&s
Braised Short Ribs with Mushroom Risotto,https://laurenfromscratch.com/wp-content/uploads/2022/05/short-rib-and-mushroom-risotto-featured-image.jpg
Braised Short Ribs with Polenta,https://www.eitanbernath.com/wp-content/uploads/2020/11/Red-Wine-Braised-Short-Ribs-with-Creamy-Polenta-4x5-LOW-RES.jpg
Braised Short Ribs with Polenta and Mushroom Ragù,https://www.eitanbernath.com/wp-content/uploads/2020/11/Red-Wine-Braised-Short-Ribs-with-Creamy-Polenta-4x5-LOW-RES.jpg
Braised Short Ribs with Polenta and Mushroom Risotto,https://laurenfromscratch.com/wp-content/uploads/2022/05/short-rib-and-mushroom-risotto-featured-image.jpg
Braised Short Ribs with Truffle Risotto,https://laurenfromscratch.com/wp-content/uploads/2022/05/short-rib-and-mushroom-risotto-featured-image.jpg
Braised Wild Boar with Polenta,https://encrypted-tbn0.gstatic.com/images?q=tbn:ANd9GcTG1WgUJ-Y4SnI2BjYco_oPqdHKopCmRwWVBQ&s
Bruschetta with Caramelized Onions and Fresh Thyme,https://static01.nyt.com/images/2013/04/28/magazine/28eat/28eat-jumbo-v3.jpg
Bruschetta with Caramelized Onions and Gorgonzola,https://food.fnr.sndimg.com/content/dam/images/food/fullset/2010/3/23/0/BERTOLLI_Caramelized-Onion-and-Gorgonzola-Bruschetta_s4x3.jpg.rend.hgtvcom.616.462.suffix/1371591063096.webp
Bruschetta with Caramelized Onions and Rosemary,https://encrypted-tbn0.gstatic.com/images?q=tbn:ANd9GcQ_lsbhPU33X1XqhAjhG8rpkIhaWmRz6q7PgQ&s
"Bruschetta with Caramelized Onions, Fresh Thyme, and Burrata Cheese",https://encrypted-tbn0.gstatic.com/images?q=tbn:ANd9GcRVeN-lH3XpbEQCszP76VaKQCCQlbhgzRzMwA&s
Bruschetta with Fresh Berries and Whipped Cream,https://images.themodernproper.com/production/posts/SweetBerryBruschetta_7.jpg?w=1200&q=82&auto=format&fit=crop&dm=1716053712&s=dc11717f11ea4451b81fcb4a2c51cd54
Bruschetta with Fresh Figs and Prosciutto,https://encrypted-tbn0.gstatic.com/images?q=tbn:ANd9GcQ-e9vII6y--cC1kiw7-6sruF1Pm53nENcMfw&s
Bruschetta with Fresh Tomato and Basil,https://encrypted-tbn0.gstatic.com/images?q=tbn:ANd9GcRSOZZo4IKvFyC4KPtqlRlQkq1LBTNGbHBDZQ&s
"Bruschetta with Fresh Tomato, Basil, and Burrata Cheese",https://urbanfarmandkitchen.com/wp-content/uploads/2023/03/burrata-bruschetta-3.jpg
"Bruschetta with Fresh Tomato, Basil, and Mozzarella",https://food.fnr.sndimg.com/content/dam/images/food/fullset/2003/9/30/0/ei1a08_bruschetta.jpg.rend.hgtvcom.1280.720.suffix/1431726814240.webp
"Bruschetta with Tomato, Basil, and Mozzarella",https://food.fnr.sndimg.com/content/dam/images/food/fullset/2003/9/30/0/ei1a08_bruschetta.jpg.rend.hgtvcom.1280.720.suffix/1431726814240.webp
Bulgarian Shopska Salad with Feta Cheese and Olives,https://cookingtheglobe.com/wp-content/uploads/2016/04/bulgarian-shopska-salad-shopska-salata-3.jpg
Cantucci con Vin Santo,https://eatflorentine.wordpress.com/wp-content/uploads/2014/11/cantuccini-con-vin-santo.jpg
Caprese Salad,https://www.thespruceeats.com/thmb/2pjgFA7_nbZtlXr68BECvf6fO48=/1500x0/filters:no_upscale():max_bytes(150000):strip_icc()/caprese-salad-tomato-salad-2217097-hero-03-75a0b89b30aa4a52b10fe4fdd9abfeb5.jpg
Caprese Salad with Fresh Mozzarella and Balsamic Glaze,https://www.allrecipes.com/thmb/Usj7zOLJSQ5xqw-4dwWarvPNjJg=/1500x0/filters:no_upscale():max_bytes(150000):strip_icc()/AR-228126-caprese-salad-with-balsamic-reduction-ddmfs-2644-4x3-f32ac2b2fb9d4234884a752490fb015b.jpg
Caprese Salad with Fresh Mozzarella and Basil,https://www.simplyrecipes.com/thmb/a7yAQ62OEy9Y6CcAXXYT6eJNjvM=/1500x0/filters:no_upscale():max_bytes(150000):strip_icc()/Simply-Recipes-Caprese-Salad-LEAD-2-cf7e7e9dbbef46c69c54321bc9bc33e6.jpg
"Caprese Salad with Fresh Mozzarella, Heirloom Tomatoes, and Basil",https://www.simplyrecipes.com/thmb/a7yAQ62OEy9Y6CcAXXYT6eJNjvM=/1500x0/filters:no_upscale():max_bytes(150000):strip_icc()/Simply-Recipes-Caprese-Salad-LEAD-2-cf7e7e9dbbef46c69c54321bc9bc33e6.jpg
"Caprese Salad with Fresh Mozzarella, Tomato, and Basil",https://www.simplyrecipes.com/thmb/a7yAQ62OEy9Y6CcAXXYT6eJNjvM=/1500x0/filters:no_upscale():max_bytes(150000):strip_icc()/Simply-Recipes-Caprese-Salad-LEAD-2-cf7e7e9dbbef46c69c54321bc9bc33e6.jpg
Caramelized Apple and Brie Tartlets,https://images.squarespace-cdn.com/content/v1/62ec1fc995263d65f21175de/1693856419840-TWAWTJJ779VE450RVVT5/appletart3.jpg
Caramelized Apple and Brie Tartlets with Fresh Thyme,https://aflavouraffair.com/wp-content/uploads/2024/10/fullsizeoutput_aa37-819x1024.jpeg
Caramelized Apple and Pecan Crisp with Vanilla Ice Cream,https://encrypted-tbn0.gstatic.com/images?q=tbn:ANd9GcSqAc_3syxqxhFX1Wvz_iqm6My3ZXz8gatfJw&s
Caramelized Banana Bread Pudding with Vanilla Ice Cream,https://encrypted-tbn0.gstatic.com/images?q=tbn:ANd9GcTNFE2uhX4Ev-W-xDDbCOImokqfniqfnGF88w&s
Caramelized Banana and Pecan Crème Brûlée,https://encrypted-tbn0.gstatic.com/images?q=tbn:ANd9GcQPUzFaUf8lm5FH2QHkfvaCefzcmzwLRYvT9g&s
Caramelized Banana and Pecan Tartlets,https://imagesvc.meredithcorp.io/v3/mm/image?url=https%3A%2F%2Fimages.media-allrecipes.com%2Fuserphotos%2F2285249.jpg&w=600&q=60&c=sc&poi=auto&orient=true&h=400
Caramelized Fennel and Apple Tart with Whipped Cream,https://encrypted-tbn0.gstatic.com/images?q=tbn:ANd9GcRbOAZZ0fBemZSMQseN6fjRSvA6FyPaPvsYgA&s
Caramelized Fennel and Goat Cheese Salad with Toasted Almonds,https://encrypted-tbn0.gstatic.com/images?q=tbn:ANd9GcT3OJ_IaGJvOsTEXpF315XHltCLB_Qtlp8kcg&s
Caramelized Fennel and Goat Cheese Tart,https://encrypted-tbn0.gstatic.com/images?q=tbn:ANd9GcQdogwREGYJI6nY146ueXVDNF0A-Bok8Zacqw&s
Caramelized Fennel and Goat Cheese Tartlets,https://encrypted-tbn0.gstatic.com/images?q=tbn:ANd9GcQdogwREGYJI6nY146ueXVDNF0A-Bok8Zacqw&s
Caramelized Fennel and Orange Salad with Toasted Almonds,https://encrypted-tbn0.gstatic.com/images?q=tbn:ANd9GcR-Vaf8fYij85-upNKE3V3flgNUq9P_fNlElQ&s
Caramelized Onion Tart,https://encrypted-tbn0.gstatic.com/images?q=tbn:ANd9GcSdxSKH9_ZRi-9q4ebUdtX4Gb5Sv-oEGUcTiQ&s
Caramelized Onion and Apple Tart,https://assets.wsimgs.com/wsimgs/ab/images/dp/recipe/202508/0008/img55l.jpg
Caramelized Onion and Apple Tartine with Blue Cheese Crumbles,https://encrypted-tbn0.gstatic.com/images?q=tbn:ANd9GcQTbYRhR2nGR7jY8Z99oh68mC4Clgf_xqjRsA&s
Caramelized Onion and Apple Tartine with Fresh Thyme,https://assets.wsimgs.com/wsimgs/ab/images/dp/recipe/202508/0008/img55l.jpg
Caramelized Onion and Apple Tartlets with Blue Cheese,https://img.taste.com.au/ArsL2nQ-/taste/2016/11/caramelised-onion-and-blue-cheese-tarts-21163-1.jpeg
Caramelized Onion and Blue Cheese Tartlets,https://img.taste.com.au/ArsL2nQ-/taste/2016/11/caramelised-onion-and-blue-cheese-tarts-21163-1.jpeg
Caramelized Onion and Feta Tart,https://encrypted-tbn0.gstatic.com/images?q=tbn:ANd9GcSzlToMFqGjZ23Wkhy1Yb0mkW-o2MwdlXVrDg&s
Caramelized Onion and Fig Tapenade Crostini,https://encrypted-tbn0.gstatic.com/images?q=tbn:ANd9GcRiQMD8hpQYftx9Ur85xtpybJIya8jbVIshIQ&s
Caramelized Onion and Fig Tart,https://encrypted-tbn0.gstatic.com/images?q=tbn:ANd9GcSPemk75ah4yHlA0cbq3LKv8x33WuK96BsaAA&s
Caramelized Onion and Fig Tartlets,https://encrypted-tbn0.gstatic.com/images?q=tbn:ANd9GcSPemk75ah4yHlA0cbq3LKv8x33WuK96BsaAA&s
Caramelized Onion and Garlic Quiche with Fresh Thyme,https://www.garlicandzest.com/wp-content/uploads/2017/10/caramelized-onion-thyme-quiche-9-768x960.jpg
Caramelized Onion and Goat Cheese Quiche,https://encrypted-tbn0.gstatic.com/images?q=tbn:ANd9GcT0UXF2feFleXFAEL_jZ8xk9kBo6lKRZHLuQw&s
Caramelized Onion and Goat Cheese Tart,"https://images.immediate.co.uk/production/volatile/sites/30/2020/08/recipe-image-legacy-id-4186_11-28a697e.jpg?quality=90&resize=440,400"
Caramelized Onion and Goat Cheese Tartlet,https://drizzleanddip.com/wp-content/uploads/2013/04/IMG_5461.jpg
Caramelized Onion and Goat Cheese Tartlets,https://drizzleanddip.com/wp-content/uploads/2013/04/IMG_5461.jpg
Caramelized Onion and Mushroom Risotto,"https://cdn.apartmenttherapy.info/image/upload/f_auto,q_auto:eco,c_fill,g_center,w_730,h_913/k%2Farchive%2F1452882afc9f217face792aeb4348673f4fa3e2e"
Caramelized Onion and Mushroom Tart,https://assets.heartfoundation.org.nz/images/all-shared-sections/recipes/caramelised-onion-and-mushroom-tart.jpg?mtime=1669000874
Caramelized Onion and Mushroom Tartlets,https://assets.heartfoundation.org.nz/images/all-shared-sections/recipes/caramelised-onion-and-mushroom-tart.jpg?mtime=1669000874
Caramelized Onion and Thyme Quiche,https://encrypted-tbn0.gstatic.com/images?q=tbn:ANd9GcQo_VCsR1PIB6sddChL8cLxxbxAXgfXqm2Tbw&s
Cassoulet,https://static01.nyt.com/images/2025/01/30/multimedia/cassoulet-tkqj/cassoulet-tkqj-mediumSquareAt3X.jpg
Catalan-Style Pa amb Tomàquet (Tomato Bread) with Olive Oil and Garlic,https://www.thespruceeats.com/thmb/cebJrUz9WAlRTBgmFl32mWTAQIk=/1500x0/filters:no_upscale():max_bytes(150000):strip_icc()/tomato-bread-recipe-3083716-hero-01-90494d3949164d9da7979e5cdca06dbc.jpg
Ceviche de Camarones (Shrimp Ceviche),https://asassyspoon.com/wp-content/uploads/ceviche-de-camaron-asassyspoon-recipe-shrimp-ceviche-1-500x375.jpg
Chicken Ballotine with Truffle and Foie Gras,https://encrypted-tbn0.gstatic.com/images?q=tbn:ANd9GcSeUBOv6B9pq-sZMeGPI3K5y_6I2VHXjhSB0Q&s
Chicken Ballotine with Truffle and Foie Gras Stuffing,https://encrypted-tbn0.gstatic.com/images?q=tbn:ANd9GcSG6vfXSUHSc38CWrX-G1pVx7A6FIVpU0gNeQ&s
Chicken Ballotine with Truffle and Mushroom Duxelles,https://encrypted-tbn0.gstatic.com/images?q=tbn:ANd9GcR1fi8GIbPaPC3hlQOEUKdbBEznNWS1CX6UgA&s
Chicken Cacciatore with Mushrooms and White Wine,https://encrypted-tbn0.gstatic.com/images?q=tbn:ANd9GcQsQa1mNNsb_2dY-T1uK-eGeWANL1MlxSBw1Q&s
Chicken Cordon Bleu,https://www.onceuponachef.com/images/2023/12/chicken-cordon-bleu-6-500x500.jpg
Chicken Cordon Bleu with Caramelized Onions and Apple Cider Jus,https://static01.nyt.com/images/2023/08/16/multimedia/MO-Chicken-Cordon-Bleu-fpbw/MO-Chicken-Cordon-Bleu-fpbw-superJumbo.jpg
Chicken Cordon Bleu with Caramelized Onions and Creamy Mashed Potatoes,https://preview.redd.it/jt7170ggzwi81.jpg?width=640&crop=smart&auto=webp&s=760ce47111c4d89ef10de59760dc9843c934df25
Chicken Cordon Bleu with Creamy Mushroom Sauce,https://encrypted-tbn0.gstatic.com/images?q=tbn:ANd9GcR72uQVIwlDy5sS0RPkx_fsBxkIzN4qz-MhPA&s
Chicken Cordon Bleu with Mushroom Cream Sauce,https://encrypted-tbn0.gstatic.com/images?q=tbn:ANd9GcR72uQVIwlDy5sS0RPkx_fsBxkIzN4qz-MhPA&s
Chicken Paprikash,https://fareisle.com/wp-content/uploads/2022/12/chicken-paprikash-5-500x500.jpg
Chicken Parmesan with Spaghetti and Marinara Sauce,https://tastesbetterfromscratch.com/wp-content/uploads/2023/03/Chicken-Parmesan-1.jpg
Chicken and Mushroom Crepes,https://i.ytimg.com/vi/cAMmhALtd3E/maxresdefault.jpg
Chicken and Mushroom Crepes with Cream Sauce,https://i.ytimg.com/vi/cAMmhALtd3E/maxresdefault.jpg
Chicken and Mushroom Crepes with Creamy Bechamel Sauce,https://i.ytimg.com/vi/cAMmhALtd3E/maxresdefault.jpg
Chilean-Style Beef Empanadas,https://mojo.generalmills.com/api/public/content/rNH3-x6OxUCJtLm3ihjZaA_gmi_hi_res_jpeg.jpeg?v=caa696dd&t=16e3ce250f244648bef28c5949fb99ff
Chilean-Style Choripán with Chimichurri Sauce,https://encrypted-tbn0.gstatic.com/images?q=tbn:ANd9GcThEMdw-ewF3rLAIBBHur1CcuJAdgtbXh1SEA&s
Chilean-Style Churrasco with Chimichurri Sauce,https://encrypted-tbn0.gstatic.com/images?q=tbn:ANd9GcSpMtGiG95c2h51CxVP7yYvQVJ88FJZ6hsXug&s
Chilean-Style Empanadas with Beef and Onion,https://mojo.generalmills.com/api/public/content/rNH3-x6OxUCJtLm3ihjZaA_gmi_hi_res_jpeg.jpeg?v=caa696dd&t=16e3ce250f244648bef28c5949fb99ff
Chilean-Style Empanadas with Chorizo and Manchego Cheese,https://cdn-ilddihb.nitrocdn.com/MgqZCGPEMHvMRLsisMUCAIMWvgGMxqaj/assets/images/optimized/rev-6b9d936/www.goya.com/wp-content/uploads/2023/10/chilean-style-empanadas-de-pino-900x900.jpg
Chilean-Style Empanadas with Spiced Beef and Caramelized Onions,https://www.seriouseats.com/thmb/-CKTPe51HJXpv6zwvTlddmBv4J4=/1500x0/filters:no_upscale():max_bytes(150000):strip_icc()/20250408-SEA-ChileanBeefEmpanadas-Estudio-MAR-41-eb0c1a95fdc147a19fb8e89f0d8f602e.jpg
Chilean-Style Empanadas with Spiced Beef and Onion Filling,https://mojo.generalmills.com/api/public/content/rNH3-x6OxUCJtLm3ihjZaA_gmi_hi_res_jpeg.jpeg?v=caa696dd&t=16e3ce250f244648bef28c5949fb99ff
"Chilean-Style Empanadas with Spiced Beef and Onion Filling, served with a side of Spicy Chimichurri Sauce",https://encrypted-tbn0.gstatic.com/images?q=tbn:ANd9GcS93kliP1jLi5FZTZV5dDivTABRHKr97jgR6Q&s
Chilean-Style Empanadas with Spiced Beef and Onions,https://mojo.generalmills.com/api/public/content/rNH3-x6OxUCJtLm3ihjZaA_gmi_hi_res_jpeg.jpeg?v=caa696dd&t=16e3ce250f244648bef28c5949fb99ff
Chocolate Truffle Cake,https://bluebowlrecipes.com/wp-content/uploads/2023/08/chocolate-truffle-cake-8844.jpg
Chocolate-Covered Cherries,https://encrypted-tbn0.gstatic.com/images?q=tbn:ANd9GcRJJY8lUeYuSs_l6YRZp8UoRT-r1ACXNvPUxA&s
Chocolate-Covered Strawberries,https://www.allrecipes.com/thmb/v9ncEt1CoTDG6lJwt1_CBl8syr8=/1500x0/filters:no_upscale():max_bytes(150000):strip_icc()/21712-chocolate-covered-strawberries-ddmfs-3X4-1770-d4b548d24adf4a348f47310dfda96e63.jpg
Choripán con Chimichurri,https://www.laylita.com/recipes/wp-content/uploads/2013/07/Choripan-recipe.jpg
Chorizo and Manchego Empanadas with Chimichurri Sauce,https://encrypted-tbn0.gstatic.com/images?q=tbn:ANd9GcSY3GfvzSSi94P1vwtda9_77re2-iXItgBC1Q&s
Ciolan de Pui (Romanian-style roasted pork),https://images.squarespace-cdn.com/content/v1/5e32ab1a44a8b143b36cad96/41cb2c78-f133-4752-95f7-a18c8bf03ca7/Untitled+design+%2866%29.png
Classic Caesar Salad with Garlic Croutons,https://www.foodiecrush.com/wp-content/uploads/2019/09/Caesar-Salad-foodiecrush.com-017.jpg
Classic French Onion Soup with Gruyère Croutons,https://cdn.culinarywonderland.com/photo/gu/guillaumebrahimi_traditionalfrenchonionsoupwithgruy_recroutons_recipe_535657.jpg
Comté Cheese Fondue with Crudités and Baguette,https://www.wellplated.com/wp-content/uploads/2014/12/Cheese-Fondue.-A-classic-easy-cheese-fondue-recipe-and-what-to-dip-in-it.jpg
Comté Cheese Fritters,https://encrypted-tbn0.gstatic.com/images?q=tbn:ANd9GcQutwcImk7ZV9ACcyXkemZUDnzN8BgTRA1lhw&s
Comté Cheese Platter,https://kellystilwell.com/wp-content/uploads/2023/08/comte-cheese-platter.jpg
Confit de Canard (Duck Confit) with Garlic Mashed Potatoes,https://encrypted-tbn0.gstatic.com/images?q=tbn:ANd9GcQ1EUFhzqioZlYON4Umep9RDRhREAw6aSFo4A&s
Confit de Canard (Slow-Cooked Duck Leg) with Garlic Mashed Potatoes,https://encrypted-tbn0.gstatic.com/images?q=tbn:ANd9GcQ1EUFhzqioZlYON4Umep9RDRhREAw6aSFo4A&s
Coq au Vin,"https://images.immediate.co.uk/production/volatile/sites/30/2012/01/coq-au-vin-3740fe3.jpg?resize=1366,1242"
Coq au Vin (Braised Chicken in Red Wine),https://familystylefood.com/wp-content/uploads/2021/12/Coq-Au-Vin-hero-macro.jpg
Coq au Vin (Chicken Braised in Red Wine),https://s23209.pcdn.co/wp-content/uploads/2022/01/240821_DD_Easy-Coq-Au-Vin_412.jpg
Coq au Vin with Bacon and Mushrooms,https://familystylefood.com/wp-content/uploads/2021/12/Coq-Au-Vin-hero-macro.jpg
Coq au Vin with Egg Noodles and Mushrooms,https://encrypted-tbn0.gstatic.com/images?q=tbn:ANd9GcR8CAbWo32MFq_xomdWN-CXVIJoPEdVIjXkaw&s
Coq au Vin with Mushrooms and Bacon,https://encrypted-tbn0.gstatic.com/images?q=tbn:ANd9GcT9GkYT_fC4ToUVI6DzQ9qwf9EJ-Rp1vgOlpw&s
Cordon Bleu with Caramelized Onions and Applewood-Smoked Bacon,https://i.ytimg.com/vi/LmF_nQcpglA/hq720.jpg?sqp=-oaymwEhCK4FEIIDSFryq4qpAxMIARUAAAAAGAElAADIQj0AgKJD&rs=AOn4CLBmVAVMMoFMtizCmKTVnXMv3hY7bA
Creamy Asparagus and Leek Soup with Truffle Oil,https://encrypted-tbn0.gstatic.com/images?q=tbn:ANd9GcQXDpu0-Q_MfnhZ8mjzSkkIV6SNwyU3yWRwcw&s
Creamy Brie and Fig Tartlets,https://encrypted-tbn0.gstatic.com/images?q=tbn:ANd9GcSCBiQ7nJZo4EVUkFZugPVO-iIgs_btwuVESA&s
Creamy Brie and Fresh Fruit Tartine,https://encrypted-tbn0.gstatic.com/images?q=tbn:ANd9GcR-NM4CZagF0cuTHnDT6eDDnHmfeoSGpF-NwA&s
Creamy Goat Cheese and Asparagus Tart,https://encrypted-tbn0.gstatic.com/images?q=tbn:ANd9GcTdSTAUnzWiQRLtwML9iRGW_dPTVDsjA-_srw&s
Creamy Goat Cheese and Fig Tartlets with Fresh Thyme,https://encrypted-tbn0.gstatic.com/images?q=tbn:ANd9GcQdhKWx34T-ZdxizV6eCzTG-t91ZzhUcWnPug&s
Creamy Leek and Asparagus Gratin with Truffle Oil,https://encrypted-tbn0.gstatic.com/images?q=tbn:ANd9GcRpVNASjPKV2aZLf175TcmTo2xXJONlcPfrfw&s
Creamy Leek and Asparagus Risotto with Parmesan Cheese,https://encrypted-tbn0.gstatic.com/images?q=tbn:ANd9GcQmW6tMbBMIYlDURiP0LAOmhOT2J5gQi7ImfA&s
Creamy Leek and Asparagus Tart with Caramelized Shallots,https://encrypted-tbn0.gstatic.com/images?q=tbn:ANd9GcTwpGWc9cLGYnR4mExfwEtKGQ3fjYRly3O5rg&s
Creamy Leek and Garlic Mashed Potatoes,https://encrypted-tbn0.gstatic.com/images?q=tbn:ANd9GcTEKJYHfHhDkd5UhcjOJZKC4rQKESoJNoJxkg&s
Creamy Leek and Garlic Risotto,https://encrypted-tbn0.gstatic.com/images?q=tbn:ANd9GcTnAM8syQ9IS9h48GmBTj0OE1nL3r-nDGiovQ&s
Creamy Leek and Garlic Soup,https://static01.nyt.com/images/2012/06/19/science/22recipehealth/22recipehealth-superJumbo-v2.jpg
Creamy Leek and Garlic Soup with Croutons,https://www.barleyandsage.com/wp-content/uploads/2022/03/potato-leek-soup-1200x1200-1.jpg
Creamy Leek and Garlic Soup with Croutons and Fresh Chives,https://www.barleyandsage.com/wp-content/uploads/2022/03/potato-leek-soup-1200x1200-1.jpg
Creamy Leek and Potato Gratin,https://www.deliciousmagazine.co.uk/wp-content/uploads/2018/07/654826-1-eng-GB_gratin-of-potatoes-with-leeks.jpg
Creamy Leek and Potato Gratin with Crispy Shallots,https://www.bytheforkful.com/wp-content/uploads/2023/12/IMG_2768.jpg
Creamy Leek and Potato Soup,https://encrypted-tbn0.gstatic.com/images?q=tbn:ANd9GcRLVIkVE5i4_V7L_-1t9Hx0Cnn_ytHngc6daw&s
Creamy Leek and Potato Soup with Crispy Bacon,https://img.taste.com.au/OfmkuKDN/w1200-h630-cfill/taste/2016/11/potato-and-crispy-bacon-soup-98297-1.jpeg
Creamy Leek and Potato Soup with Croutons,https://encrypted-tbn0.gstatic.com/images?q=tbn:ANd9GcSkqzeB4Ip4q5GWHN9b1k-f3f-JRduTq_eT8w&s
Creamy Lobster Risotto,https://encrypted-tbn0.gstatic.com/images?q=tbn:ANd9GcRZ8UT41CrnzZ0IEsTbSq0ET6rN49thhMdP6g&s
Creamy Mushroom Risotto,https://encrypted-tbn0.gstatic.com/images?q=tbn:ANd9GcSiFUKTjQWe5Xu0d7SbqP-mM3_7dmpjiJPTwA&s
Creamy Risotto with Asparagus and Parmesan Cheese,https://cdn.loveandlemons.com/wp-content/uploads/opengraph/2022/04/asparagus-risotto-1.jpg
Creamy Risotto with Porcini Mushrooms,https://images.squarespace-cdn.com/content/v1/622109c6196d7f64544d312d/1675735760759-GMWL07PQ5T1JULABCL9K/cedarbakedsalmon38.jpg
Crema Catalana,https://upload.wikimedia.org/wikipedia/commons/thumb/b/bb/Creme_catalane.jpg/1200px-Creme_catalane.jpg
Crema Catalana with Caramelized Figs and Toasted Almonds,https://www.themediterraneandish.com/wp-content/uploads/2023/04/Mediterranean-Dish_Crema-Catalana_Web_LEAD_2.jpg
Creme Brûlée with Caramelized Sugar and Fresh Berries,https://www.iheartnaptime.net/wp-content/uploads/2023/07/Creme-Brulee-I-Heart-Naptime.jpg
Creme Brûlée with Fresh Berries and Shortbread Cookies,https://i2.wp.com/www.butterbaking.com/wp-content/uploads/2014/11/IMG_3383.jpg
Croatian-Style Blitva (Chard) with Garlic and Paprika,https://www.plantbasedredhead.com/wp-content/uploads/2021/09/Blitva_Mangold-Kartoffeln_Swiss-Chard-Potatoes_plantbasedredhead.com_2.jpg
Croatian-Style Cheese Platter with Pag Island Cheese and Fig Jam,https://www.fodors.com/wp-content/uploads/2024/07/Croatia-Pag-cheese-santulice-975x650.jpg
Croatian-Style Stuffed Bell Peppers,https://www.kitchennostalgia.com/wp-content/uploads/2008/06/stuffed-bell-pepper-w.jpg
"Crostini with Caramelized Onions, Fig Jam, and Manchego Cheese",https://encrypted-tbn0.gstatic.com/images?q=tbn:ANd9GcQ3iJQnrxjvEHTCm49TnraKaJgrn6i1ShNw2w&s
Crème Brûlée with Caramelized Sugar and Fresh Berries,https://www.iheartnaptime.net/wp-content/uploads/2023/07/Creme-Brulee-I-Heart-Naptime.jpg
Côte de Boeuf with Garlic Butter,https://tomkerridge.com/wp-content/uploads/2020/11/Cote-de-boeuf-recipe.jpeg
Dark Chocolate Lava Cake,https://encrypted-tbn0.gstatic.com/images?q=tbn:ANd9GcRuBYtCDfs5UkYp-aD6Mt4eKmpGCKYO5h3FWw&s
Dark Chocolate Lava Cake with Salted Caramel Gelato,https://encrypted-tbn0.gstatic.com/images?q=tbn:ANd9GcQRVMruD6T2x8fS_33R9D9lZEql0ETIipMOlA&s
Dark Chocolate Truffles,https://encrypted-tbn0.gstatic.com/images?q=tbn:ANd9GcTy1ytcTUBVVAAfoUXAiN7D2uBzEcdHhyWPnw&s
Dark Chocolate Truffles with Candied Orange Peel,https://i.pinimg.com/736x/4f/eb/63/4feb636e74a9525940b5c5007ca3c39c.jpg
Dark Chocolate Truffles with Raspberry Coulis,https://delight-fuel.com/wp-content/uploads/2020/02/7U1A9783-720x405.jpg
Dark Chocolate Truffles with Salted Caramel,https://www.allrecipes.com/thmb/8CznnBy31-KFBmLM5sr7F7YZ0lY=/1500x0/filters:no_upscale():max_bytes(150000):strip_icc()/4444508-9ff179ffb4af4fab918f8b71b679cffd.jpg
Dark Chocolate Truffles with Smoked Salt,https://data.thefeedfeed.com/static/2020/02/10/15813652515e41b803016f1.jpg
Duck Breast with Cherry Compote,https://encrypted-tbn0.gstatic.com/images?q=tbn:ANd9GcSs_TvCHXrMkYMDjatJNWja3SzmjVUQEAaN6Q&s
Escargots de Bourgogne,https://encrypted-tbn0.gstatic.com/images?q=tbn:ANd9GcTbrVSXJPTKQVra2TCO68tM4km349sLhav4nw&s
Escargots en Persillade,https://cache.marieclaire.fr/data/photo/w1000_ci/6f/escargots-en-persillade1.jpg
Escargots en Persillade (Snails in Garlic Butter),https://i.ytimg.com/vi/3Kh2R8tULas/sddefault.jpg
Escargots en Persillade (Snails in Garlic Butter) with Crusty Baguette,https://i.ytimg.com/vi/3Kh2R8tULas/sddefault.jpg
Escargots en Persillade (Snails in Garlic Butter) with Crusty Bread,https://encrypted-tbn0.gstatic.com/images?q=tbn:ANd9GcSnh9yRmK4W0mDkpjAxi52v4mAGBQdTDhDHMQ&s
Escargots with Garlic Butter and Parsley,https://encrypted-tbn0.gstatic.com/images?q=tbn:ANd9GcTjYavlkkVfpkcuTXy9v8rvHKuBuKP7-ZvJzA&s
Feijoada,https://www.allrecipes.com/thmb/d5y6K6WImvsfvmAxq5FqLs9uR_0=/1500x0/filters:no_upscale():max_bytes(150000):strip_icc()/AR-139208-Feijoada-DDMFS-4x3-74a3fbca83d947f9b6f330ef01999c89.jpg
Feta and Olive Tapenade Crostini,https://www.delmonte.com/sites/default/files/RusticTapenade.jpg
Foie Gras Torchon,https://www.dartagnan.com/dw/image/v2/BJQL_PRD/on/demandware.static/-/Sites-dartagnan-Library/default/dwd8934226/images/content/salt-cured-foie-gras-torchon-recipe.jpg?sw=1440&strip=false
Foie Gras Torchon with Pickled Cherries and Toasted Brioche,https://i.redd.it/ak8qmusx9gzy.jpg
French Apple Tart with Caramelized Pecans,https://emmaduckworthbakes.com/wp-content/uploads/2024/02/Easy-French-Apple-Tart.jpg
French Lavender Crème Brûlée with Fresh Berries,https://i0.wp.com/zoebakes.com/wp-content/uploads/2018/07/creme-brulee-ZoeBakes-10-of-9.jpg?fit=640%2C960&ssl=1
French Macarons with Lemon Curd Filling,https://www.foodandwine.com/thmb/GJbcGaTbr_QRiUgjzpkDW6ugXJY=/1500x0/filters:no_upscale():max_bytes(150000):strip_icc()/201304-xl-lemon-curd-macarons-2000-4ba688fbb55d4c63a0a3689147f31faa.jpg
French Macarons with Raspberry Filling,https://encrypted-tbn0.gstatic.com/images?q=tbn:ANd9GcQSPqMtXbqZvIFC2jQBNF0xMc-BDAcBOJ7q1w&s
French Macarons with Raspberry and Lemon Filling,https://encrypted-tbn0.gstatic.com/images?q=tbn:ANd9GcRlm3huX_mqjMk7O9cSvHZwyRqAmQpYiQitLw&s
French Onion Soup with Croutons and Gruyère,https://cdn.culinarywonderland.com/photo/gu/guillaumebrahimi_traditionalfrenchonionsoupwithgruy_recroutons_recipe_535657.jpg
French Onion Soup with Croutons and Gruyère Cheese,https://cdn.culinarywonderland.com/photo/gu/guillaumebrahimi_traditionalfrenchonionsoupwithgruy_recroutons_recipe_535657.jpg
French Onion Soup with Gruyère Croutons,https://cdn.culinarywonderland.com/photo/gu/guillaumebrahimi_traditionalfrenchonionsoupwithgruy_recroutons_recipe_535657.jpg
Fresh Fruit Salad with Whipped Cream and Toasted Almonds,https://encrypted-tbn0.gstatic.com/images?q=tbn:ANd9GcTtIvLsuPG0ASZF615tHpakBk3Kpdyp2JiRiw&s
Fresh Fruit Tart with Whipped Cream,https://www.dessarts.com/wp-content/uploads/2020/04/Easy-Fruit-Tart_1200px_1.jpg
Fresh Fruit Tart with Whipped Cream and Caramelized Pecans,https://encrypted-tbn0.gstatic.com/images?q=tbn:ANd9GcQYFikFDoK7EgJUiJpEa-DcoFOUWKOp9Zqpjw&s
Fresh Goat Cheese Salad with Toasted Almonds and Balsamic Glaze,https://encrypted-tbn0.gstatic.com/images?q=tbn:ANd9GcTA-9A2YeiuUh6IcZMX-Gn97n03a5UTmeRN8g&s
"Fresh Greens Salad with Goat Cheese, Walnuts, and Balsamic Vinaigrette",https://encrypted-tbn0.gstatic.com/images?q=tbn:ANd9GcRvpMsAH-OSDMY6LXu3zpaADTyONiwMKKvaog&s
"Frisee Salad with Bacon, Egg, and Walnuts",https://static01.nyt.com/images/2010/01/05/health/05recipehealth_600/05recipehealth_600-jumbo.jpg
"Frisee Salad with Bacon, Poached Egg, and Balsamic Glaze",https://static01.nyt.com/images/2010/01/05/health/05recipehealth_600/05recipehealth_600-jumbo.jpg
Fritto Misto (Mixed Fried Vegetables and Herbs),https://www.seriouseats.com/thmb/kH6Xqnlr1gOF2gQLuoHSHsL4Xu0=/1500x0/filters:no_upscale():max_bytes(150000):strip_icc()/20211201-fritto-misto-vicky-wasik-22-19140dca6eff4de7ad0637641a013627.jpg
Galician-Style Empanada with Sautéed Greens and Manchego Cheese,https://encrypted-tbn0.gstatic.com/images?q=tbn:ANd9GcTnZ3zUSz1dECBZtfmC8GgP_kjWrgKY3nalEg&s
Gazpacho Andaluz,https://www.seriouseats.com/thmb/uDzOnCZrjCclGTrHekqjWaMCIbg=/1500x0/filters:no_upscale():max_bytes(150000):strip_icc()/andalusian-gazpacho-recipe-hero-04_1-a7207c6562c543fa9d5c4d1c53996f46.JPG
German-Style Apple Strudel,https://houseofnasheats.com/wp-content/uploads/2021/10/Apple-Strudel-Apfelstrudel-Square-1-500x375.jpg
German-Style Bratwurst with Sauerkraut and Mustard,https://encrypted-tbn0.gstatic.com/images?q=tbn:ANd9GcRrZx9_MZgT9bfY34meGk_B9DZgzxXlGZxfSw&s
German-Style Potato Pancakes with Apple Compote,https://encrypted-tbn0.gstatic.com/images?q=tbn:ANd9GcSeFuwJ2sIywvnEwBpjrGv6ut0JT334d3inXA&s
German-Style Potato Pancakes with Smoked Salmon and Crème Fraîche,https://encrypted-tbn0.gstatic.com/images?q=tbn:ANd9GcT_ZOZ0WX4Su0AWSjKZ_R3HEHbF_EbTvYXTvw&s
German-Style Potato Salad with Fresh Herbs,https://www.allrecipes.com/thmb/RrDWCLpHVLeMweMe_6aNpE0hBcI=/1500x0/filters:no_upscale():max_bytes(150000):strip_icc()/JF_83097-Authentic-German-Potato-Salad-4x3_0564-d3a46edfe7784159aea8ba2a3b81bb58.jpg
German-Style Sausage with Braised Red Cabbage,https://encrypted-tbn0.gstatic.com/images?q=tbn:ANd9GcRBQDg6aGoOvNKbSykwlEw_U3KZq22kNghVTw&s
Goat Cheese Salad,https://encrypted-tbn0.gstatic.com/images?q=tbn:ANd9GcR9GUhZOySd0YbC7vPUA3UguXW0SKoHyXt-IQ&s
Goat Cheese Salad with Fresh Herbs,https://encrypted-tbn0.gstatic.com/images?q=tbn:ANd9GcSgvVBHSyjC4pFhgoQKaTi8T3EygVj-j_O5tQ&s
Goat Cheese Salad with Walnuts and Fresh Herbs,https://encrypted-tbn0.gstatic.com/images?q=tbn:ANd9GcTFXbXhEO08e3TMyQdi91_4SVnlgAmFfWT4Cw&s
Goat Cheese Tart with Caramelized Onions,https://encrypted-tbn0.gstatic.com/images?q=tbn:ANd9GcSsAEZcSDoBA8W33Z7F0iz5weSG0qQICnyJkQ&s
Goat Cheese Tart with Fresh Herbs,https://www.simplystacie.net/wp-content/uploads/2015/05/spring-herb-tartlets-3.jpg
Goat Cheese Tartlets,https://img.taste.com.au/a3_i4bqv/taste/2016/11/mini-goats-cheese-tartlets-46464-1.jpeg
Goat Cheese Tartlets with Fresh Herbs,https://www.simplystacie.net/wp-content/uploads/2015/05/spring-herb-tartlets-3.jpg
Goat Cheese and Fig Tartine,https://encrypted-tbn0.gstatic.com/images?q=tbn:ANd9GcQWq15tZq8Xs5qr1YAHte-D4Wcosbdef_iO5Q&s
Goat Cheese and Fig Tartine with Fresh Arugula,https://encrypted-tbn0.gstatic.com/images?q=tbn:ANd9GcSM9kobMf70DBQ-loZQg9DXlPWdPvoNVpksOQ&s
Goat Cheese and Fig Tartine with Fresh Thyme,https://encrypted-tbn0.gstatic.com/images?q=tbn:ANd9GcSM9kobMf70DBQ-loZQg9DXlPWdPvoNVpksOQ&s
Goat Cheese and Fig Tartlet,https://encrypted-tbn0.gstatic.com/images?q=tbn:ANd9GcRtLvzcrJQUbqKI8a_7rxxMqygQOFCiLHG0LQ&s
Goat Cheese and Fig Tartlet with Fresh Arugula,https://encrypted-tbn0.gstatic.com/images?q=tbn:ANd9GcSG7tS2vsiwqecQpcze2EEObm7Hc3wiHVHfjw&s
Goat Cheese and Fig Tartlet with Fresh Arugula Salad,https://encrypted-tbn0.gstatic.com/images?q=tbn:ANd9GcSvPb1NjjclMbH9uyrUaVZrLOMUmvMWuJKp7A&s
Goat Cheese and Fig Tartlet with Fresh Greens,https://encrypted-tbn0.gstatic.com/images?q=tbn:ANd9GcQ4ND5g_Nt7wgEGbNyruaswje8XeaoUeIkvoA&s
Goat Cheese and Fig Tartlets,https://encrypted-tbn0.gstatic.com/images?q=tbn:ANd9GcQFQEE45q6oldv9pDjxqZp5x7lPjN8yGdIwuw&s
Goat Cheese and Fig Tartlets with Fresh Arugula Salad,https://www.fitmittenkitchen.com/wp-content/uploads/2016/09/Goat-Cheese-Spinach-Arugula-Fig-Salad-13.jpg
Goat Cheese and Fig Tartlets with Fresh Greens,https://www.imagelicious.com/wp-content/uploads/2019/10/Goat-Cheese-and-Fig-Tartlets-3.jpg
Goat Cheese and Fig Tartlets with Fresh Greens Salad,https://www.imagelicious.com/wp-content/uploads/2019/10/Goat-Cheese-and-Fig-Tartlets-3.jpg
Goat Cheese and Fig Tartlets with Fresh Thyme,https://hummingbirdthyme.com/wp-content/uploads/2021/12/Goat-Cheese-Fig-Jam-Prosciutto-Appetizer-10.jpg
Goat Cheese and Fresh Fruit Salad,https://encrypted-tbn0.gstatic.com/images?q=tbn:ANd9GcTLN57lcKxiHw-BjKVkfpsdxs9qq63GPyOT0w&s
Goat Cheese and Fresh Fruit Tartine,https://mostlovelythings.com/wp-content/uploads/2023/08/figs.jpg
Goat Cheese and Fresh Herb Salad,https://encrypted-tbn0.gstatic.com/images?q=tbn:ANd9GcQkgAWlPX9clzX7Dezm0TB_OoPfjCgm4elIDw&s
Goat Cheese and Fresh Herb Salad with Balsamic Glaze,https://encrypted-tbn0.gstatic.com/images?q=tbn:ANd9GcQXF-1Yes1VHq-p_3IfcFW9F_Pd9zzoiEKGjg&s
Goat Cheese and Fresh Herb Tartine,https://encrypted-tbn0.gstatic.com/images?q=tbn:ANd9GcQQka5ToDkzIzjmU2SLoZdPGakxI3-6MVKvOg&s
Goat Cheese and Fresh Herb Tartine with Balsamic Glaze,https://encrypted-tbn0.gstatic.com/images?q=tbn:ANd9GcRuZ-yE36sm8B7gu9g2G6sKYMLgi1rr_i0vbA&s
Goat Cheese and Fresh Herb Tartlets,https://i.pinimg.com/736x/6e/20/ab/6e20ab23b35fe2409ff81c528de88987.jpg
Grilled Asparagus with Goat Cheese,https://hips.hearstapps.com/delish/assets/cm/15/10/54f686e8306d8_-_200904_omag_food_asparagus_salad_400x400.jpg
Grilled Asparagus with Lemon Aioli,https://encrypted-tbn0.gstatic.com/images?q=tbn:ANd9GcTDlFSAeHxdobypQ33eI012fNRof3BdsI0VPA&s
Grilled Asparagus with Lemon Aioli and Parmesan Cheese,https://encrypted-tbn0.gstatic.com/images?q=tbn:ANd9GcR1JIqqS2R_UYvMdEMoGVVVDj4o2PwTyM4E4A&s
Grilled Asparagus with Lemon Butter,https://encrypted-tbn0.gstatic.com/images?q=tbn:ANd9GcRC8mYAiE2hx1vExxZEKhCtaL9htcGmuU2q9g&s
Grilled Asparagus with Lemon-Parmesan Cheese,https://www.onceuponachef.com/images/2010/06/Grilled-Asparagus-Salad-with-Lemon-and-Feta-10-500x500.jpg
Grilled Asparagus with Lemon-Parmesan Risotto,https://www.onceuponachef.com/images/2010/06/Grilled-Asparagus-Salad-with-Lemon-and-Feta-10-500x500.jpg
Grilled Asparagus with Lemon-Parmesan Risotto and Prosciutto,https://encrypted-tbn0.gstatic.com/images?q=tbn:ANd9GcRSJw_fASMwA6eyPBTp-luGVwfjLPZ_HICDag&s
Grilled Asparagus with Lemon-Parmesan Vinaigrette,https://encrypted-tbn0.gstatic.com/images?q=tbn:ANd9GcQYbs90Ngdhp3B6Tat_a4fZQduECOLSPyY2Ew&s
Grilled Asparagus with Lemon-Parmesan Vinaigrette and Prosciutto,https://encrypted-tbn0.gstatic.com/images?q=tbn:ANd9GcTvCYYRqrn3Aj9KBxfDEVZBA8eNGJInXi3PQw&s
Grilled Branzino with Lemon and Herbs,https://encrypted-tbn0.gstatic.com/images?q=tbn:ANd9GcRKMg6E0kNsyqvpkI0F_w9Ap5foJzetwdi_tg&s
Grilled Bulgarian Mackerel with Tarator Sauce,https://encrypted-tbn0.gstatic.com/images?q=tbn:ANd9GcRKhtVmt7Q-uGDtJmuif0y5Mhbh2fDLMTc2lg&s
Grilled Chicken Breast with Lemon-Herb Butter and Roasted Asparagus,https://encrypted-tbn0.gstatic.com/images?q=tbn:ANd9GcTj11Idx4oLGT3OUsi09MqrAWNfP5cdV5ZEmQ&s
Grilled Chicken Breast with Lemon-Herb Butter and Roasted Vegetables,https://www.eatingwell.com/thmb/upst6ydvrAITWRwB4u3hL_O2btg=/1500x0/filters:no_upscale():max_bytes(150000):strip_icc()/5177922-ad507ccfe07d491eba9ad48c0ea8e114.jpg
Grilled Chicken Breast with Lemon-Herb Quinoa and Roasted Vegetables,https://justcook.butcherbox.com/wp-content/uploads/2025/02/Lemon-Herb-Chicken-Bowl.jpg
Grilled Chicken Breast with Lemon-Thyme Quinoa and Roasted Vegetables,https://encrypted-tbn0.gstatic.com/images?q=tbn:ANd9GcQNohZp3QPfpQmqVnri356NbxDkX46T-kulQA&s
Grilled Chicken Breast with Roasted Vegetables,https://www.seriouseats.com/thmb/HCnqq0O2npAXUoH7_1FdgtZQl0M=/1500x0/filters:no_upscale():max_bytes(150000):strip_icc()/pan-roasted-chicken-vegetables-dijon-jus-recipe-hero-02_1-c3e427250efe40259dc8fab9ff66ea74.JPG
Grilled Chicken Breast with Rosemary and Garlic,https://elanaspantry.com/wp-content/uploads/2010/07/Rosemary-Lemon-Chicken.jpg
Grilled Chicken Salad with Strawberries and Feta,https://encrypted-tbn0.gstatic.com/images?q=tbn:ANd9GcRoTmzZ2xVRxMc7zpax2JwNhHi0hsVsb38uJA&s
Grilled Chicken Shawarma with Tzatziki Sauce and Pickled Onions,https://encrypted-tbn0.gstatic.com/images?q=tbn:ANd9GcTppVcxsAdOSlSRbRAt1MD-ko_bGn2_Eju51A&s
Grilled Chicken and Avocado Salad with Lemon-Tahini Dressing,https://encrypted-tbn0.gstatic.com/images?q=tbn:ANd9GcRXkLW3yLKOYwHrMv0Uixc6F8cjEG1rorkGHA&s
Grilled Chicken with Fig and Balsamic Glaze,https://images.squarespace-cdn.com/content/v1/539cc58be4b03916d1da4907/1600614745836-Y1K7WW3N3HPIT08R7I4Q/Balsamic+Fig+Glazed+Chicken
Grilled Chicken with Herbs de Provence,https://encrypted-tbn0.gstatic.com/images?q=tbn:ANd9GcSZEMoYeYzdRfl3dqtIVtnrLJ9dXE141ceREg&s
Grilled Chorizo with Manchego Cheese and Membrillo,https://encrypted-tbn0.gstatic.com/images?q=tbn:ANd9GcQVnrIATIbyFoPxUs9QCvAb6C_oY_JLlzxkLg&s
Grilled Duck Breast with Cherry Compote,https://food.fnr.sndimg.com/content/dam/images/food/fullset/2023/7/10/WO2601-anne-burrell-seared-duck-breast-with-port-wine-cherry-sauce-jeff-mauro-crispy-duck-fat-potatoes-and-haricots-verts_s4x3.jpg.rend.hgtvcom.1280.960.suffix/1689024288646.webp
Grilled Eggplant with Goat Cheese and Herbs,https://theneffkitchen.com.au/wp-content/uploads/2021/02/thumbnail-4.jpg
Grilled Filet Mignon with Roasted Garlic Mashed Potatoes,https://i.redd.it/lczdakvhsbr51.jpg
Grilled Goat Cheese Salad,https://encrypted-tbn0.gstatic.com/images?q=tbn:ANd9GcSObZBrWvCM1hA0seblqx6ywpgTTFaK1COGzw&s
Grilled Halloumi Cheese with Fresh Figs,https://encrypted-tbn0.gstatic.com/images?q=tbn:ANd9GcSfckSckNxdE51XDBybvoNXl3ib6lFGeb32Cw&s
Grilled Halloumi Cheese with Fresh Figs and Mint,https://encrypted-tbn0.gstatic.com/images?q=tbn:ANd9GcRmbCPsRCvZG-pWP87xd9hKn1JjGCPqSActEA&s
Grilled Halloumi Cheese with Fresh Herbs,https://cdn.loveandlemons.com/wp-content/uploads/2022/07/halloumi-1.jpg
Grilled Istrian Sausage with Braised Greens,https://encrypted-tbn0.gstatic.com/images?q=tbn:ANd9GcShNOcDyb0jTuYTuNOpCf6JrETMiJLupCAX9g&s
Grilled Kangaroo Loin,https://encrypted-tbn0.gstatic.com/images?q=tbn:ANd9GcTXiA9vVUOTlErGdw_smJXzopNqguURrAjUhw&s
Grilled Kangaroo Loin with Quandong Chutney,https://i.guim.co.uk/img/static/sys-images/Guardian/Pix/pictures/2013/12/26/1388100860459/Kangaroo-barbecue-008.jpg?width=465&dpr=1&s=none&crop=none
Grilled Lamb Chops with Roasted Vegetables and Chimichurri,https://encrypted-tbn0.gstatic.com/images?q=tbn:ANd9GcTmLnkZBFdCCCVSFPSkGkJwpdrCXtcX1MIxVQ&s
Grilled Lamb Chops with Rosemary and Garlic,https://encrypted-tbn0.gstatic.com/images?q=tbn:ANd9GcSfCAXlhAlWySuqSt083eYZ5xRc8J2ed24OSw&s
Grilled Lamb Chops with Rosemary and Garlic Mashed Potatoes,https://encrypted-tbn0.gstatic.com/images?q=tbn:ANd9GcTRLTEj4b01n1KGulhLxwwHN9n0Dkwc3A8NpQ&s
"Grilled Lamb Chops with Rosemary and Garlic, served with Saffron Risotto",https://encrypted-tbn0.gstatic.com/images?q=tbn:ANd9GcTZB9xPAV_igS9dFz-hz9ZsYq90dq6TuUHFJg&s
Grilled Lamb Chops with Rosemary and Lemon,https://encrypted-tbn0.gstatic.com/images?q=tbn:ANd9GcTZB9xPAV_igS9dFz-hz9ZsYq90dq6TuUHFJg&s
Grilled Octopus with Garlic Butter and Herbs,https://thewrightbrothers.co.uk/cdn/shop/products/octopus-cooked.jpg?v=1597846414&width=800
Grilled Octopus with Garlic Butter and Lemon,https://encrypted-tbn0.gstatic.com/images?q=tbn:ANd9GcS5cW69eqPkx0tEDiAROi8hsHu8ub51mnmf-A&s
Grilled Octopus with Garlic Butter and Lemon-Herb Quinoa,https://encrypted-tbn0.gstatic.com/images?q=tbn:ANd9GcRSpFpt9aeg2syTq2Qbk6scr1uTmm0tJk2S0Q&s
Grilled Octopus with Garlic and Lemon,https://encrypted-tbn0.gstatic.com/images?q=tbn:ANd9GcRSpFpt9aeg2syTq2Qbk6scr1uTmm0tJk2S0Q&s
Grilled Octopus with Lemon-Garlic Butter and Microgreens,https://cookaifood.com/media/cache/thumb_600/bundles/project/images/recipes/2932_1_1712855456.png
Grilled Octopus with Lemon-Herb Butter,https://cookaifood.com/media/cache/thumb_600/bundles/project/images/recipes/4231_1_1719833331.png
Grilled Octopus with Lemon-Herb Butter and Garlic Crostini,https://cookaifood.com/media/cache/thumb_600/bundles/project/images/recipes/4231_1_1719833331.png
Grilled Octopus with Lemon-Herb Butter and Microgreens,https://cookaifood.com/media/cache/thumb_600/bundles/project/images/recipes/4231_1_1719833331.png
Grilled Octopus with Lemon-Herb Quinoa,https://cookaifood.com/media/cache/thumb_600/bundles/project/images/recipes/4231_1_1719833331.png
Grilled Octopus with Lemon-Herb Quinoa and Roasted Vegetables,https://encrypted-tbn0.gstatic.com/images?q=tbn:ANd9GcTcP97u5nG_xXvNJoyViemjH_xU8LslE4R_hw&s
Grilled Octopus with Romesco Sauce,https://images.squarespace-cdn.com/content/v1/532dd9d7e4b08e1b0a195137/1413237610638-PNBJX52BBUJTJ7K8YXK8/DSC_0860.JPG
Grilled Octopus with Smoked Paprika Aioli and Charred Lemon,https://encrypted-tbn0.gstatic.com/images?q=tbn:ANd9GcQLn4qsOBQYFRD_IPx98_vnYpv0-9DASOeZCg&s
Grilled Octopus with Smoked Paprika Aioli and Microgreens,https://food.fnr.sndimg.com/content/dam/images/food/fullset/2022/12/21/WO2503-anne-burrell-grilled-octopus-and-warm-potato-salad-with-smoked-paprika-and-capers_s4x3.JPG.rend.hgtvcom.1280.960.suffix/1671640837031.webp
Grilled Pineapple with Spicy Pecans,https://sunkissedkitchen.com/wp-content/uploads/2018/07/grilled-pineapple-RC.jpg
Grilled Pork Chops with Apple Cider Glaze,https://encrypted-tbn0.gstatic.com/images?q=tbn:ANd9GcR4FcuqaW0X03I1dg2y81BCaRAV6C1CR2YLNQ&s
Grilled Pork Chops with Apple Cider Jus and Roasted Vegetables,https://encrypted-tbn0.gstatic.com/images?q=tbn:ANd9GcQ6e1Ow_02LgaHHENUMWNNQ7qWjmmTiQ6UiFw&s
Grilled Pork Chops with Cherry Compote,https://encrypted-tbn0.gstatic.com/images?q=tbn:ANd9GcRiHdYUmitGh_MR9BX9niymkWMKVyB6nz38Ug&s
Grilled Pork Chops with Spiced Apple Compote,https://encrypted-tbn0.gstatic.com/images?q=tbn:ANd9GcTLJrWpP03_ipHcWzOAN04UQOgv3GjvcTyJJQ&s
Grilled Portobello Mushroom Burgers,https://encrypted-tbn0.gstatic.com/images?q=tbn:ANd9GcQv5OSJgsiBsL-seJNDNpOot9gi32FWJ1NlHQ&s
Grilled Portobello Mushroom Burgers with Caramelized Onions,https://encrypted-tbn0.gstatic.com/images?q=tbn:ANd9GcQmhur78InTO7Ws6CwYgRFvDLHHoWyx2x3F_Q&s
Grilled Portobello Mushroom Risotto,https://encrypted-tbn0.gstatic.com/images?q=tbn:ANd9GcSJFPROf2oya-N2hbhNjRuWMCnBwb4H1wU8Kg&s
Grilled Portobello Mushrooms with Herbed Goat Cheese,https://www.sarcasticcooking.com/wp-content/uploads/2016/04/easy-goat-cheese-stuffed-mushrooms-3-scaled.jpg
Grilled Portobello Mushrooms with Rosemary and Garlic,https://veganhuggs.com/wp-content/uploads/2019/07/grilled-portobello-mushroom-steaks-4.jpg
Grilled Portobello Mushrooms with Truffle Oil,https://encrypted-tbn0.gstatic.com/images?q=tbn:ANd9GcTFSaSxB8xXEMU33fMjl_W7p4qdIh46079tXw&s
Grilled Provolone Cheese with Fig Jam,https://encrypted-tbn0.gstatic.com/images?q=tbn:ANd9GcT94CSK3wMmZmjsQKh660FvlkCOzUQ4V6ReVg&s
Grilled Ribeye Steak,https://encrypted-tbn0.gstatic.com/images?q=tbn:ANd9GcQSkILGCenLky067CIEbZfnncaye3HeQzknbg&s
Grilled Ribeye Steak with Roasted Garlic Mashed Potatoes,https://encrypted-tbn0.gstatic.com/images?q=tbn:ANd9GcRm51AguB78JJ36EkiqvqAp9o2EuelXvEkBOA&s
Grilled Salmon with Lemon Butter,https://encrypted-tbn0.gstatic.com/images?q=tbn:ANd9GcRjrxRqgZ0jH5iN6Gx8yTaKnYMYTAd1jJTJqg&s
Grilled Salmon with Lemon-Dill Sauce,https://encrypted-tbn0.gstatic.com/images?q=tbn:ANd9GcSL7nZ4Dcmq1cG9hEk9p5t81Fh_Mchswd_LxQ&s
Grilled Salmon with Lemon-Dill Sauce and Herbed Quinoa,https://jimcooksfoodgood.com/wp-content/uploads/2023/12/65d8be74-f065-4235-8605-64321a6ca518-840x473.jpg
Grilled Salmon with Lemon-Herb Butter,https://www.lecremedelacrumb.com/wp-content/uploads/2022/07/grilled-lemon-butter-salmon-9sm-6.jpg
Grilled Salmon with Miso Glaze,https://encrypted-tbn0.gstatic.com/images?q=tbn:ANd9GcT0FR1_mNlSFZf585gDM7NYcezXplC112S9ZQ&s
Grilled Scallops with Citrus-Herb Butter,https://thesuburbansoapbox.com/wp-content/uploads/2023/08/Grilled-Scallops-with-Lemon-Garlic-Sauce.jpg
Grilled Scallops with Garlic Butter,https://encrypted-tbn0.gstatic.com/images?q=tbn:ANd9GcSf3a6vdpKxuiBSMrp30DN9GlZ2oXlNDnjWWQ&s
Grilled Scallops with Lemon-Garlic Butter,https://encrypted-tbn0.gstatic.com/images?q=tbn:ANd9GcQN3bY9A7Iwt1buA5f7m7Z3PhK7MW6PLF77cw&s
Grilled Scallops with Lemon-Herb Butter,https://encrypted-tbn0.gstatic.com/images?q=tbn:ANd9GcRqS9n0kuHOn-qCqqK7GuDCIauMaomZZOoISQ&s
Grilled Shrimp Salad with Lemon-Herb Vinaigrette,https://encrypted-tbn0.gstatic.com/images?q=tbn:ANd9GcSkxfza7RFGeHj5fL4Te7rjwdMkuYBrGbRLzA&s
Grilled Shrimp Skewers with Citrus-Herb Butter,https://encrypted-tbn0.gstatic.com/images?q=tbn:ANd9GcSWhdwa7BuJQ30J6k-XCYoMSV1negNGETEfNg&s
Grilled Shrimp Skewers with Lemon-Herb Butter,https://encrypted-tbn0.gstatic.com/images?q=tbn:ANd9GcSWhdwa7BuJQ30J6k-XCYoMSV1negNGETEfNg&s
Grilled Shrimp Skewers with Mango Salsa,https://encrypted-tbn0.gstatic.com/images?q=tbn:ANd9GcSNQ1cop1vOd0N1G0l6HJZ8TdOi027IrP3EdQ&s
Grilled Shrimp Skewers with Spicy Mango Salsa,https://encrypted-tbn0.gstatic.com/images?q=tbn:ANd9GcSNQ1cop1vOd0N1G0l6HJZ8TdOi027IrP3EdQ&s
Grilled Shrimp with Lemon-Herb Butter,https://www.girlgonegourmet.com/wp-content/uploads/2024/04/Grilled-Shrimp-7.jpg
Grilled Skirt Steak with Chimichurri Sauce,https://encrypted-tbn0.gstatic.com/images?q=tbn:ANd9GcQwCOLb_R8WSn1Jej8iv6aPEtcrYZCsr4cWCA&s
Grilled Steak au Poivre,https://encrypted-tbn0.gstatic.com/images?q=tbn:ANd9GcQeN79qjTsHkbMs1q6C9kxNuZ9TYEGHUYx52w&s
Grilled Swordfish with Lemon-Herb Butter,https://i0.wp.com/ahintofrosemary.com/wp-content/uploads/2020/08/DSC_0116.jpg?resize=1100%2C736&ssl=1
Grilled Vegetable Skewers with Burrata Cheese,https://static01.nyt.com/images/2021/07/28/dining/23apperex2-copy/23apperex2-superJumbo.jpg
Grilled Wagyu Beef Skewers,https://encrypted-tbn0.gstatic.com/images?q=tbn:ANd9GcSkN3tLO6jzY8fE5ApG6yWR06LwH2awMFWsWQ&s
Grilled Wagyu Ribeye with Roasted Garlic Mashed Potatoes,https://mealpractice.b-cdn.net/89277908123783168/grilled-steak-with-roasted-vegetables-and-garlic-mashed-potatoes-MR10utcaiO.webp
Heirloom Tomato Salad with Burrata Cheese,https://www.daisybeet.com/wp-content/uploads/2022/07/Heirloom-Tomato-and-Burrata-Salad-5052.jpg
Heirloom Tomato Salad with Burrata Cheese and Balsamic Glaze,https://theheirloompantry.co/wp-content/uploads/2021/12/Burrata-Caprese-The-Heirloom-Pantry-3.jpg
"Heirloom Tomato Salad with Burrata Cheese, Balsamic Glaze, and Basil Oil",https://encrypted-tbn0.gstatic.com/images?q=tbn:ANd9GcSgaoqG-9MNejWZAJQTdnV8EsHlYd9bzqIhdQ&s
Hungarian Lángos with Garlic and Sour Cream,https://encrypted-tbn0.gstatic.com/images?q=tbn:ANd9GcTh7wGSCI856BA-QZ7tzgGhEmHoSyCz-gD8Tg&s
Hungarian Walnut Cake,https://encrypted-tbn0.gstatic.com/images?q=tbn:ANd9GcRgFnItbxcRE9B1isoMrmfUqJ5NlxMnee3CFw&s
Israeli-Style Falafel with Spicy Tahini Sauce,https://downshiftology.com/wp-content/uploads/2023/10/Falafel-main-2-500x375.jpg
Israeli-Style Stuffed Bell Peppers with Quinoa and Herbs,https://encrypted-tbn0.gstatic.com/images?q=tbn:ANd9GcSzhTZq-3dCexsZEbr-klbJ5i11IEtQAU4iHw&s
Istrian Prosciutto with Fresh Figs,https://encrypted-tbn0.gstatic.com/images?q=tbn:ANd9GcSsmLu5rZw3Jtwv_j8fwBXAoN-KYPzdZ3TzoQ&s
Kibbeh Bil Sanieh (Lebanese Meat Pie) with Yogurt and Pine Nuts,https://encrypted-tbn0.gstatic.com/images?q=tbn:ANd9GcQpYx6NdqdG8yZbFCQd2jggMi5XmbLmvt-0LA&s
Lavender Crème Brûlée with Fresh Berries,https://encrypted-tbn0.gstatic.com/images?q=tbn:ANd9GcTauCmw4K1JsyXv2aHIRGq8x5-PkTpycNxZcQ&s
Lavender Honey Madeleines with Fresh Berries,https://encrypted-tbn0.gstatic.com/images?q=tbn:ANd9GcSd0aBExjT6NdNmpu2hifDdTeQ4ZSQzDr-bIA&s
Lemon Lavender Panna Cotta,https://www.tastingtable.com/img/gallery/lemon-and-lavender-panna-cotta-recipe/lemon-and-lavender-panna-cotta-recipe-1737484534.jpg
Lemon Lavender Panna Cotta with Fresh Berries,https://encrypted-tbn0.gstatic.com/images?q=tbn:ANd9GcR2JFWVALTGtIXtCmiQoklIMhYg3pifT3WHAQ&s
Lemon Lavender Panna Cotta with Shortbread Cookies,https://encrypted-tbn0.gstatic.com/images?q=tbn:ANd9GcR2JFWVALTGtIXtCmiQoklIMhYg3pifT3WHAQ&s
Lemon-Glazed Asparagus with Parmesan Cheese,https://encrypted-tbn0.gstatic.com/images?q=tbn:ANd9GcR9Ad8hGN1WwshZoDVTADB_m9OqQQZaOp9LqQ&s
Lemon-Glazed Panna Cotta with Fresh Berries,https://encrypted-tbn0.gstatic.com/images?q=tbn:ANd9GcSL6dpY1Ux73JeuWpl0B6UuaY-aUWbiHJvj3A&s
Lemon-Herb Quiche,https://static01.nyt.com/images/2012/10/24/dining/24KITCH_SPAN/24KITCH_SPAN-superJumbo-v2.jpg
Lemon-Herb Quinoa Salad with Grilled Chicken and Feta,https://mealpractice.b-cdn.net/270236777674051584/lemon-herb-grilled-chicken-with-greek-salad-and-quinoa-pilaf-bqibPP5trA.webp
Lychee and Rambutan Tart with Coconut Cream,https://www.thelittleepicurean.com/wp-content/uploads/2018/11/coconut-cream-tart-4.jpg
Malva Pudding,https://piquantpost.com/cdn/shop/articles/oyOSj-1Kya3H8jaBfhvFm_1000x.jpg?v=1617728479
Manchego Cheese Croquettes with Fig Jam,https://themadtable.com/wp-content/uploads/2020/12/0D30ED53-2004-4CE1-AB34-65D73043FFE1_1_105_c.jpeg
Matcha Tiramisu,https://flouringkitchen.com/wp-content/uploads/2023/03/matcha_tiramisu_square_thumbnail.jpg
Mochi Ice Cream with Green Tea and Sesame,https://encrypted-tbn0.gstatic.com/images?q=tbn:ANd9GcS6crXudfiC2rowuDksWX2iJN43XqvnXz6nJw&s
"Orecchiette with Caramelized Onions, Sausage, and Pecorino Cheese",https://encrypted-tbn0.gstatic.com/images?q=tbn:ANd9GcR8wdCoi-Pw4Un2KvrnaAlqoENrnPF3OHVsxA&s
Oysters Rockefeller,https://encrypted-tbn0.gstatic.com/images?q=tbn:ANd9GcT4XHDsmJJtwL4lMkrYM3qrbmOqy4IkP6DeuA&s
Pan-Seared Barramundi with Citrus-Herb Butter,https://encrypted-tbn0.gstatic.com/images?q=tbn:ANd9GcQVotiV_TQPF2lUL-9kDu_BvUbXuo4FB_mmgQ&s
Pan-Seared Barramundi with Lemon Butter and Herbs,https://www.farmersmarket.com.hk/cdn/shop/articles/Sauteed_Barramundi_with_Lemon_Butter_Sauce.jpg?v=1521512458
Pan-Seared Barramundi with Lemon-Butter Sauce,https://www.farmersmarket.com.hk/cdn/shop/articles/Sauteed_Barramundi_with_Lemon_Butter_Sauce.jpg?v=1521512458
Pan-Seared Barramundi with Lemon-Herb Butter,https://www.farmersmarket.com.hk/cdn/shop/articles/Sauteed_Barramundi_with_Lemon_Butter_Sauce.jpg?v=1521512458
Pan-Seared Branzino with Cherry Tomato and Basil Salad,https://i.pinimg.com/736x/91/de/96/91de96ab4ad93174784fb11b2bf9634b.jpg
Pan-Seared Chicken Breast with Caper Cream Sauce,https://i0.wp.com/whitesparrowfoodco.com/wp-content/uploads/2021/07/fullsizerender2-compressed-46-scaled.jpg?fit=768%2C1024&ssl=1
Pan-Seared Chicken Breast with Caramelized Onions and Creamy Mashed Potatoes,https://encrypted-tbn0.gstatic.com/images?q=tbn:ANd9GcRFrnQK4GTUcQcO0znfuusZzpNHSrRZberqwQ&s
Pan-Seared Chicken Breast with Citrus-Herb Quinoa and Steamed Broccoli,https://encrypted-tbn0.gstatic.com/images?q=tbn:ANd9GcRDa3sXFiM9ufzcWGI45zMi2LJXoFFIIiVaow&s
Pan-Seared Chicken Breast with Citrus-Herb Sauce and Garlic Mashed Potatoes,https://www.butterbeready.com/wp-content/uploads/2023/03/Creamy-Garlic-Herb-Chicken-FINAL-8-680x1020.jpg
Pan-Seared Chicken Breast with Creamy Mushroom Sauce,https://encrypted-tbn0.gstatic.com/images?q=tbn:ANd9GcSx4kNU9bwEIFvdHqCFlETinDuUqUJL5mdyLw&s
Pan-Seared Chicken Breast with Garlic Butter and Herbs,https://www.butterbeready.com/wp-content/uploads/2023/03/Creamy-Garlic-Herb-Chicken-FINAL-8-680x1020.jpg
Pan-Seared Chicken Breast with Garlic Mashed Potatoes,https://encrypted-tbn0.gstatic.com/images?q=tbn:ANd9GcTk4mhPo-mnr8V-Xb1DBfPeFF57etzBAhya7A&s
Pan-Seared Chicken Breast with Garlic Mashed Potatoes and Broccolini,https://encrypted-tbn0.gstatic.com/images?q=tbn:ANd9GcS_pBGY21d7SiVVi3Ll95jJhRI1xhm6iFXPBA&s
Pan-Seared Chicken Breast with Garlic Mashed Potatoes and Steamed Broccoli,https://encrypted-tbn0.gstatic.com/images?q=tbn:ANd9GcS_pBGY21d7SiVVi3Ll95jJhRI1xhm6iFXPBA&s
Pan-Seared Chicken Breast with Honey-Glazed Carrots,https://i2.wp.com/domestikatedlife.com/wp-content/uploads/2019/03/ACS_1657.jpg
Pan-Seared Chicken Breast with Lemon Butter and Herbs,https://static01.nyt.com/images/2019/01/16/dining/16spicerex1/merlin_149035161_790f0924-760b-4a21-84ce-89d4c272a42c-superJumbo.jpg
Pan-Seared Chicken Breast with Lemon Caper Sauce,https://www.wellseasonedstudio.com/wp-content/uploads/2023/03/Homemade-Italian-chicken-piccata-with-white-wine-sauce.jpg
Pan-Seared Chicken Breast with Lemon and Herbs,https://encrypted-tbn0.gstatic.com/images?q=tbn:ANd9GcTxzOOGVB0y9vk661PkiKsgEQrtvkqlMS6ePg&s
Pan-Seared Chicken Breast with Lemon-Caper Sauce,https://thefamilyfoodkitchen.com/wp-content/uploads/2021/05/Lemon-Caper-Chicken-Breasts-1.jpeg
Pan-Seared Chilean Sea Bass with Lemon-Herb Butter and Saffron Rice,https://encrypted-tbn0.gstatic.com/images?q=tbn:ANd9GcRFnYqpoKcdHjhdgevGCCmpq2VWsrLGptjcRQ&s
Pan-Seared Cod with Lemon Butter and Herbs,https://www.cookingclassy.com/wp-content/uploads/2021/05/lemon-butter-cod-31.jpg
Pan-Seared Cod with Saffron Risotto and Garlic Broth,https://encrypted-tbn0.gstatic.com/images?q=tbn:ANd9GcR0dM3ap2z-urdrpUO76DgB8hWPW5f4FojGxg&s
Pan-Seared Duck Breast,https://www.wellseasonedstudio.com/wp-content/uploads/2020/11/Seared-duck-breast-with-duck-fat-potatoes-on-a-plate.jpg
Pan-Seared Duck Breast with Cherry Compote,https://food.fnr.sndimg.com/content/dam/images/food/fullset/2023/7/10/WO2601-anne-burrell-seared-duck-breast-with-port-wine-cherry-sauce-jeff-mauro-crispy-duck-fat-potatoes-and-haricots-verts_s4x3.jpg.rend.hgtvcom.1280.1280.suffix/1689024288646.webp
Pan-Seared Duck Breast with Cherry Compote and Wild Rice,https://encrypted-tbn0.gstatic.com/images?q=tbn:ANd9GcSVnixoxfKgYwJPxW4fqvcGldKKNuR81983PA&s
Pan-Seared Duck Breast with Fig Compote and Wild Rice,https://alexandracooks.com/wp-content/uploads/2017/10/duckbreast2680.jpg
Pan-Seared Goat Cheese Salad with Fresh Greens and Balsamic Glaze,https://www.greedygourmet.com/wp-content/uploads/2021/11/goats-cheese-salad.jpg
Pan-Seared Halibut with Lemon Butter,https://encrypted-tbn0.gstatic.com/images?q=tbn:ANd9GcSksbq9g--tS9P6BkQp2htalgQIxnSFP4Omeg&s
Pan-Seared Halibut with Lemon Butter and Capers,https://encrypted-tbn0.gstatic.com/images?q=tbn:ANd9GcSksbq9g--tS9P6BkQp2htalgQIxnSFP4Omeg&s
Pan-Seared Halibut with Lemon-Dill Sauce,https://i.pinimg.com/736x/24/28/ec/2428ecf40957953eca0484114ed87b4e.jpg
Pan-Seared Lamb Chops with Rosemary and Garlic,https://encrypted-tbn0.gstatic.com/images?q=tbn:ANd9GcQ48xr-j61Vgl3b2xZxWrf78h8xn1nuvCQblg&s
Pan-Seared Salmon with Lemon Butter,https://i0.wp.com/www.kitchen-concoctions.com/wp-content/uploads/2015/03/PanSearedSalmonwithGarlicButterSaucerecipekitchenconcoctions5-1.jpg?ssl=1
Pan-Seared Salmon with Lemon Butter and Herbs,https://www.wellseasonedstudio.com/wp-content/uploads/2019/08/Green-pan-salmon-with-cous-cous-8.jpg
Pan-Seared Salmon with Lemon-Dill Sauce,https://encrypted-tbn0.gstatic.com/images?q=tbn:ANd9GcTLpQS1GJmC--gBr8GDexqePCMBlhDHrAlDkQ&s
Pan-Seared Salmon with Lemon-Herb Butter,https://static01.nyt.com/images/2024/02/13/multimedia/LH-pan-seared-salmon-lwzt/LH-pan-seared-salmon-lwzt-master768.jpg
Pan-Seared Scallops with Caramelized Fennel and Orange,https://thewrightbrothers.co.uk/cdn/shop/products/scallops-bbq.jpg?v=1625438914&width=800
Pan-Seared Scallops with Citrus-Ginger Beurre Blanc,https://cdn.prod.website-files.com/6425f03eadc96686600b6d52/65037b9440b03e4a1bbaece1_Pan-Seared%20Scallops%20with%20Lemon%20Beurre%20Blanc%20and%20Fennel%20Salad.png
Pan-Seared Scallops with Citrus-Herb Butter,https://www.culinaryhill.com/wp-content/uploads/2021/07/Pan-Seared-Scallops-with-Lemon-Butter-Culinary-Hill-5.jpg
Pan-Seared Scallops with Garlic Butter,https://encrypted-tbn0.gstatic.com/images?q=tbn:ANd9GcTV-tiPfDpoc_mGh3WWyyhb-TUH3QTl9mYuPA&s
Pan-Seared Scallops with Garlic Butter and Microgreens,https://encrypted-tbn0.gstatic.com/images?q=tbn:ANd9GcT_G78UR6_NYaSYG01L4VZHISL1nQXYtRQo7w&s
Pan-Seared Scallops with Garlic Cream Sauce,https://encrypted-tbn0.gstatic.com/images?q=tbn:ANd9GcQBgfHSkf_tH5ZAM-W9zWsXEcF6T5s59VjjKQ&s
Pan-Seared Scallops with Garlic Mashed Potatoes,https://encrypted-tbn0.gstatic.com/images?q=tbn:ANd9GcTpMVVPkRIGBMt7QCYHP4DkJtp3LCNevWugfw&s
Pan-Seared Scallops with Garlic and Lemon,https://encrypted-tbn0.gstatic.com/images?q=tbn:ANd9GcTR5Aca0MzZ3ffD8R0IPalQi8t9aYxWxe0IgQ&s
Pan-Seared Scallops with Lemon Butter,https://encrypted-tbn0.gstatic.com/images?q=tbn:ANd9GcQLXRMhgNbfuXwsgDWCpKc6pOYcFtXtMBGxzg&s
Pan-Seared Scallops with Lemon Butter and Microgreens,https://encrypted-tbn0.gstatic.com/images?q=tbn:ANd9GcRFr5f2pc3wbiD9dtGrVtQ0nrJ3iQ2Uczejsg&s
Pan-Seared Scallops with Lemon-Garlic Butter,https://s23209.pcdn.co/wp-content/uploads/2015/03/230524_DD_Lemon-Butter-Scallops_259-800x800.jpg
Pan-Seared Scallops with Lemon-Garlic Butter and Microgreens,https://www.thefoodblog.net/wp-content/uploads/2018/04/Seared-Scallops-9-of-14.jpg
Pan-Seared Scallops with Miso Glaze,https://encrypted-tbn0.gstatic.com/images?q=tbn:ANd9GcSRNbZFA-2RNyJXeyyBI9C--am-RqTjffzIag&s
Pan-Seared Scallops with Smoked Paprika Aioli,https://encrypted-tbn0.gstatic.com/images?q=tbn:ANd9GcRCpvXOHzUQCtnrxCu9_06MBzajrbgpG8FBtQ&s
Pan-Seared Scallops with Soy-Glazed Bok Choy,https://static1.squarespace.com/static/55be995de4b071c106b3b4c0/t/65f4d63e7e77b5579cc9b725/1579208089894/Miso+Butter+Scallops+with+Bok+Choy+Recipe+-+Eat+Cho+Food?format=1500w
Pan-Seared Scallops with Truffle Risotto and Caramelized Fennel,https://i.redd.it/frqggnldisdb1.jpg
Pan-Seared Sea Bass with Garlic Butter,https://leitesculinaria.com/wp-content/uploads/2021/09/pan-fried-bass-lemon-453x600.jpg
Pan-Seared Sea Bass with Lemon Butter and Herbs,https://encrypted-tbn0.gstatic.com/images?q=tbn:ANd9GcQC4qg3FR_B4-e4RZSu6egZXPDF-3BnjuLZcg&s
Pan-Seared Sea Bass with Lemon and Capers,https://encrypted-tbn0.gstatic.com/images?q=tbn:ANd9GcQAt8AmssAUDQxPOtoMWAmF-SaWi1A5ntRZrQ&s
Pan-Seared Sea Bass with Lemon and Herbs,https://images.getrecipekit.com/20230928142853-lemon-20butter-20pan-20seared-20chilean-20sea-20bass-20-20sizzlefish-20x-20-40brightmomentco.jpg?aspect_ratio=4:3&quality=90&
Pan-Seared Sea Bass with Lemon-Dill Sauce,https://images.getrecipekit.com/20230928142853-lemon-20butter-20pan-20seared-20chilean-20sea-20bass-20-20sizzlefish-20x-20-40brightmomentco.jpg?aspect_ratio=4:3&quality=90&
Pan-Seared Sea Bass with Lemon-Herb Butter,https://images.getrecipekit.com/20230928142853-lemon-20butter-20pan-20seared-20chilean-20sea-20bass-20-20sizzlefish-20x-20-40brightmomentco.jpg?aspect_ratio=4:3&quality=90&
Pan-Seared Sea Bass with Lemon-Herb Butter and Capers,https://www.maryswholelife.com/wp-content/uploads/2022/06/chilean-sea-bass-03-scaled.jpg
Pan-Seared Sea Bass with Lemon-Herb Butter and Garlic Mashed Potatoes,"https://img.hellofresh.com/f_auto,fl_lossy,q_auto,w_1200/hellofresh_s3/image/HF_Y23_R06_W50_UK_R3912-35_Main__3low-ca4c259a.jpg"
Pan-Seared Sea Bass with Lemon-Herb Butter and Microgreens,https://encrypted-tbn0.gstatic.com/images?q=tbn:ANd9GcR0muG-4PiZF-EiBUo38WI7xMMDb123whp5lw&s
Pan-Seared Sea Bass with Lemon-Herb Butter and Saffron Rice,https://cdn.prod.website-files.com/6425f03eadc96686600b6d52/65037dfb29f7fb24d028bdde_Pan-Seared%20Sea%20Bass%20with%20Lemon%20Butter%20and%20Sauvignon%20Blanc.png
Pan-Seared Sea Bass with Lemon-Herb Quinoa and Steamed Asparagus,https://encrypted-tbn0.gstatic.com/images?q=tbn:ANd9GcRPs1nuu83c3JogiVJH9FzsnU6wjPanTr78oA&s
Pan-Seared Snapper with Capers and Browned Butter,https://encrypted-tbn0.gstatic.com/images?q=tbn:ANd9GcQeXHIluub74NJMhkVUsn1h-RQtB1z4-pajUw&s
Pan-Seared Snapper with Citrus-Herb Butter,https://static01.nyt.com/images/2015/04/15/multimedia/recipelab-fish/recipelab-fish-mediumThreeByTwo440.jpg
Pan-Seared Trout,https://encrypted-tbn0.gstatic.com/images?q=tbn:ANd9GcTwVqL9s8xT8y8-5iddAsNy9J3vkH69kPSmZQ&s
Pan-Seared Trout with Capers and Browned Butter,https://encrypted-tbn0.gstatic.com/images?q=tbn:ANd9GcTZWhDvEo1oaGncd5atNZPvcAMx-kzg-5ZwAA&s
Pan-Seared Trout with Fennel and Orange,https://encrypted-tbn0.gstatic.com/images?q=tbn:ANd9GcTdvImX9-UYTgaofw2_d7mEn6NNj2HFSCSZXQ&s
Pan-Seared Trout with Lemon Butter,https://static01.nyt.com/images/2021/01/17/dining/13TROUT/13TROUT-superJumbo.jpg
Pan-Seared Trout with Lemon Butter and Capers,https://static01.nyt.com/images/2021/01/17/dining/13TROUT/13TROUT-videoSixteenByNineJumbo1600.jpg
Pan-Seared Trout with Lemon Butter and Herbs,https://hips.hearstapps.com/hmg-prod/images/del030124cheapeasyseafood-012-lead-65a1b1860cf65.jpg?resize=640:*
Pan-Seared Trout with Lemon-Dill Sauce,https://static01.nyt.com/images/2021/01/17/dining/13TROUT/13TROUT-jumbo.jpg
Pan-Seared Trout with Lemon-Herb Butter,https://encrypted-tbn0.gstatic.com/images?q=tbn:ANd9GcQeeCi95Ym50ruOgOWJihSGIdK6lBZXFW55_g&s
Pan-Seared Trout with Lemon-Herb Butter and Capers,https://encrypted-tbn0.gstatic.com/images?q=tbn:ANd9GcT1HctI-jXmOn2koI2QChRvUrkdEHjoLZHJLw&s
Panna Cotta con Frutta,https://encrypted-tbn0.gstatic.com/images?q=tbn:ANd9GcRBA3n9G5uGj-39AKrCvfXXSmPDG-zuFbmOAQ&s
Panna Cotta with Fresh Berries,https://static1.squarespace.com/static/5cfa79cfbb285600015a6287/t/5f220d0d87c3d577fade889f/1596067130159/wild+berry+panna+cotta+1.jpg?format=1500w
Panna Cotta with Fresh Berries and Balsamic Glaze,https://food.fnr.sndimg.com/content/dam/images/food/fullset/2007/7/12/0/IG0901-Panna-Cotta-with-Strawberries.jpg.rend.hgtvcom.1280.960.suffix/1519237044169.webp
Pappardelle al Cinghiale,https://assets.tmecosys.com/image/upload/t_web_rdp_recipe_584x480/img/recipe/ras/Assets/f36a2872d158f235975e73c878bce846/Derivates/18f299cca2aaa784e1041672dfcade26875a9d67.jpg
Pappardelle with Wild Boar Ragu,https://encrypted-tbn0.gstatic.com/images?q=tbn:ANd9GcRckMBcOcHsDT2UcbNgEpDpnP8IjoS1eis6Ow&s
Pappardelle with Wild Boar Ragu and Porcini Mushrooms,https://i0.wp.com/www.thegluttonlife.com/wp-content/uploads/2020/02/boar-ragu-06.jpg?fit=1024%2C683&ssl=1
Pappardelle with Wild Mushroom and Truffle Cream Sauce,https://encrypted-tbn0.gstatic.com/images?q=tbn:ANd9GcTQYV5uuCySbfNB2ieNzy_bdi7utGrU6e_Trw&s
Pappardelle with Wild Mushroom and Truffle Sauce,https://encrypted-tbn0.gstatic.com/images?q=tbn:ANd9GcTQYV5uuCySbfNB2ieNzy_bdi7utGrU6e_Trw&s
Pecorino Cheese Crostini with Fig Jam,https://pinchandswirl.com/wp-content/uploads/2017/11/Apple-Crostini-with-Fig-Jam-and-Pecorino.jpg
Peking Duck,https://www.seriouseats.com/thmb/5WEmtEV2Y37pU1joxKllpZ7uvDo=/1500x0/filters:no_upscale():max_bytes(150000):strip_icc()/__opt__aboutcom__coeus__resources__content_migration__serious_eats__seriouseats.com__recipes__images__20100910-duck-primary-43f6bb74c3b7490b9b6b99b643fd31f3.jpg
Polenta Fries with Truffle Aioli,https://encrypted-tbn0.gstatic.com/images?q=tbn:ANd9GcS_CTq-Qp67hbPc4cZGqtG6HET51ALP0Uv-cA&s
Pollo alla Cacciatora,https://encrypted-tbn0.gstatic.com/images?q=tbn:ANd9GcTpqcJZ9Qt4w6ViVtjuoFvac62U4UTbrxhxIA&s
Portuguese-Style Green Beans with Garlic and Lemon,https://encrypted-tbn0.gstatic.com/images?q=tbn:ANd9GcQHleY34W5ixDzOYAk2zUwz-3lxqH7M_CI4Kw&s
Prosciutto-Wrapped Melon,https://encrypted-tbn0.gstatic.com/images?q=tbn:ANd9GcSGC8aIWExkxCAnsMUXwyBlAhtdBCfUNwg6Ug&s
Prosciutto-Wrapped Melon with Fresh Mint,https://encrypted-tbn0.gstatic.com/images?q=tbn:ANd9GcRSg-8iNTShnGRG2V1J28bRje8SiQbDH_Dxvg&s
Prosciutto-Wrapped Melon with Fresh Mint and Balsamic Glaze,https://encrypted-tbn0.gstatic.com/images?q=tbn:ANd9GcTHbZbmwsLKauF6zDucP1taufTSiqdBRk3UxA&s
Prosciutto-Wrapped Scallops,"https://assets.bonappetit.com/photos/674090a66d43aa788222baa4/16:9/w_3488,h_1962,c_limit/20241119_02_7%20Fishes_%20Prosciutto%20Wrapped%20Scallops_018_WEB_V1.jpg"
Prosciutto-Wrapped Scallops with Garlic Mashed Potatoes,https://encrypted-tbn0.gstatic.com/images?q=tbn:ANd9GcSX5MOhO0v00TzEl5kQNc-cM7BBHhXf-whyDg&s
Provençal Vegetable Tart with Goat Cheese and Herbs,https://www.fromachefskitchen.com/wp-content/uploads/2020/07/Provencal-Vegetable-and-Goat-Cheese-Tart-8.jpg
Provençal Vegetable Tart with Goat Cheese and Pesto,https://www.fromachefskitchen.com/wp-content/uploads/2020/07/Provencal-Vegetable-and-Goat-Cheese-Tart-8.jpg
"Provençal-Style Chicken with Garlic, Lemon, and Herbs",https://www.themediterraneandish.com/wp-content/uploads/2023/07/TMD-Lemon-Garlic-Chicken-WEB-26.jpg
"Provençal-Style Chicken with Garlic, Rosemary, and Lemon",https://static01.nyt.com/images/2022/04/23/dining/23MS-FOODMANREX/23MS-FOODMANREX-blog480-v5.jpg
Queso Fresco con Miel y Nueces (Fresh Cheese with Honey and Nuts),https://us.123rf.com/450wm/peteers/peteers1804/peteers180400091/99580734-queso-fresco-con-miel-y-nueces-fotograf%C3%ADa-de-alimentos-comida-estilind.jpg?ver=6
Ratatouille with Goat Cheese Crostini,https://encrypted-tbn0.gstatic.com/images?q=tbn:ANd9GcR0U5cFVAnEOHuOQlltvz_NNpuuTRvK3Uykog&s
Ratatouille with Goat Cheese and Fresh Basil,https://i0.wp.com/nevernothungry.com/wp-content/uploads/2017/10/Image-10-12-17-at-2.29-PM.jpg?resize=720%2C677&ssl=1
Rillettes de Tours (Pork Rillettes) with Toasted Baguette,https://encrypted-tbn0.gstatic.com/images?q=tbn:ANd9GcS2Blty9ZrAYcLiALEJuePvzWPAZnwyGW08Kg&s
Risotto alla Milanese,https://www.foodandwine.com/thmb/7k2NvESTb9NXno2_zo8GGakas-I=/1500x0/filters:no_upscale():max_bytes(150000):strip_icc()/FAW-recipes-milanese-risotto-hero-03-e552efcf3d844a37ad25a632447fa12a.jpg
Risotto alla Pescatora,https://www.fattoincasadabenedetta.it/wp-content/uploads/2024/10/RISOTTO-ALLA-PESCATORA_1.jpg
Risotto alla Pescatora (Fishermans Risotto),https://pinesofflorencearlingtonva.com/wp-content/uploads/2025/01/Risotto-Pescatora.jpeg
"Risotto alla Pescatora with Shrimp, Scallops, and Mussels",https://encrypted-tbn0.gstatic.com/images?q=tbn:ANd9GcRFrXJb4XVzxlXFKcXVGlh2ZhmytqWDX6Hs0g&s
Risotto alla Piemontese,https://encrypted-tbn0.gstatic.com/images?q=tbn:ANd9GcQMnKpsTCveMnXhEKYVu6L_ftwCmwx9arX5Sg&s
Risotto alla Tartufata,https://encrypted-tbn0.gstatic.com/images?q=tbn:ANd9GcTjyzjLNhleEjzKX5dwc9L39MUowhL0hzebPg&s
Roasted Asparagus with Goat Cheese and Balsamic Glaze,https://encrypted-tbn0.gstatic.com/images?q=tbn:ANd9GcQBONr-yNbd2932mGNAfJyVxg4C25TlYxb31A&s
Roasted Asparagus with Goat Cheese and Toasted Almonds,https://www.marthastewart.com/thmb/0CkPgypzZwEv96mV4hnGGBENx2Y=/1500x0/filters:no_upscale():max_bytes(150000):strip_icc()/asparagus-with-almonds-goat-cheese-basil-103271924_horiz-cf01e1d9586b48d7b5d64db380d37dc7.jpgitokrIfu60b8
Roasted Asparagus with Lemon Aioli and Parmesan Cheese,https://theheirloompantry.co/wp-content/uploads/2021/04/Roasted-Asparagus-with-Parmesan-The-Heirloom-Pantry-7.jpg
Roasted Asparagus with Lemon Zest and Parmesan Cheese,https://theheirloompantry.co/wp-content/uploads/2021/04/Roasted-Asparagus-with-Parmesan-The-Heirloom-Pantry-7.jpg
Roasted Asparagus with Lemon-Parmesan Cheese,https://theheirloompantry.co/wp-content/uploads/2021/04/Roasted-Asparagus-with-Parmesan-The-Heirloom-Pantry-7.jpg
Roasted Asparagus with Lemon-Parmesan Cheese and Balsamic Glaze,https://encrypted-tbn0.gstatic.com/images?q=tbn:ANd9GcSb1Cj_qhf0PXGr5CCMrD963AmslEJvi7vTJw&s
Roasted Asparagus with Lemon-Parmesan Risotto,https://www.howsweeteats.com/wp-content/uploads/2022/04/lemon-risotto-with-asparagus-14.jpg
Roasted Asparagus with Parmesan Cheese,https://oursaltykitchen.com/wp-content/uploads/2023/05/garlic-parmesan-asparagus-1.jpg
Roasted Asparagus with Parmesan Cheese and Balsamic Glaze,https://encrypted-tbn0.gstatic.com/images?q=tbn:ANd9GcSdNOZBiodpyUyTYWyak62B-6LlpDXMoAwyWg&s
Roasted Asparagus with Prosciutto and Parmesan Cheese,https://suebeehomemaker.com/wp-content/uploads/2022/05/roasted-asparagus-with-prosciutto-and-parmesan-7.jpg
Roasted Beet Salad with Goat Cheese,https://cdn.loveandlemons.com/wp-content/uploads/opengraph/2021/11/beet-salad-1.jpg
Roasted Beet Salad with Goat Cheese and Walnuts,https://encrypted-tbn0.gstatic.com/images?q=tbn:ANd9GcTr5joTzDt819nctuOpuDdvFcbTS5dcIf98PA&s
"Roasted Beet Salad with Goat Cheese, Walnuts, and Balsamic Glaze",https://encrypted-tbn0.gstatic.com/images?q=tbn:ANd9GcTr5joTzDt819nctuOpuDdvFcbTS5dcIf98PA&s
"Roasted Beet Salad with Whipped Feta, Walnuts, and Balsamic Glaze",https://encrypted-tbn0.gstatic.com/images?q=tbn:ANd9GcTV3_54Sb7fSTSdaeWhrSHrPpU2SQtBIHvpDQ&s
Roasted Beet and Goat Cheese Tartine,https://encrypted-tbn0.gstatic.com/images?q=tbn:ANd9GcSQFLAdluR9syRbMDP1nneysKVBvGA3sJOVwA&s
Roasted Butternut Squash Risotto,https://www.google.com/url?sa=i&url=https%3A%2F%2Fwww.wellplated.com%2Fbutternut-squash-risotto%2F&psig=AOvVaw02kUJhxnVyD52fQxmsmZPY&ust=1746896972253000&source=images&cd=vfe&opi=89978449&ved=0CBQQjRxqFwoTCPiw8L3wlo0DFQAAAAAdAAAAABAE
Roasted Butternut Squash Risotto with Crispy Sage,https://encrypted-tbn0.gstatic.com/images?q=tbn:ANd9GcSsbRem-lARr_wk5CZT66maYKAvvzcOQhQDWw&s
Roasted Butternut Squash Salad with Walnuts and Goat Cheese,https://cdn.loveandlemons.com/wp-content/uploads/2017/11/butternut-squash-salad.jpg
Roasted Butternut Squash and Caramelized Onion Tart,https://encrypted-tbn0.gstatic.com/images?q=tbn:ANd9GcSPytOwUqKyjBhavnO5GR2jqXKfQewQTU_-KQ&s
Roasted Butternut Squash and Caramelized Onion Tart with Goat Cheese,https://encrypted-tbn0.gstatic.com/images?q=tbn:ANd9GcSMT8QDq1v_3fTDqUWxJ1QeSCWqOFTsQbQvPw&s
Roasted Butternut Squash and Caramelized Onion Tartlets,https://assets.bonappetit.com/photos/5be5c19b6edd4a4da5657249/1:1/w_2560%2Cc_limit/Healthyish-Sweet-Potato-Tart-Horizontal.jpg
Roasted Butternut Squash with Sage and Parmesan,https://encrypted-tbn0.gstatic.com/images?q=tbn:ANd9GcQOXjPfPaP_RfOp3-HmQXgE5sOdUwBc5sfQJw&s
Roasted Chicken Breast with Garlic Mashed Potatoes and Steamed Asparagus,https://encrypted-tbn0.gstatic.com/images?q=tbn:ANd9GcSvSQtbnAX1oOhTsPU0FnGJtifuqv2LL9_i8w&s
Roasted Chicken Breast with Lemon-Thyme Butter and Herbed Potatoes,https://mealpractice.b-cdn.net/58679923572871168/baked-lemon-and-thyme-chicken-with-colcannon-bqbFSuXH0q.webp
Roasted Chicken with Creamy Mushroom Risotto,https://encrypted-tbn0.gstatic.com/images?q=tbn:ANd9GcQJPnzKI_VN8vi756Qks2GY05t0uvQgboHcKw&s
Roasted Chicken with Garlic Mashed Potatoes,https://marleyspoon.com/media/recipes/44803/main_photos/large/pan_roasted_chicken_mashed_potatoes-d256922d8203656d85eb9fa0b473ea75.jpeg
Roasted Chicken with Garlic Mashed Potatoes and Steamed Asparagus,https://marleyspoon.com/media/recipes/45615/main_photos/large/apricot_mustard_chicken-e41f27efde8684052666a0375a3f38c9.jpeg
Roasted Chicken with Garlic and Herbs,https://encrypted-tbn0.gstatic.com/images?q=tbn:ANd9GcTha37NLLrQR38S6RqwBxdxb904lzClhB5spw&s
Roasted Chicken with Garlic and Rosemary,https://encrypted-tbn0.gstatic.com/images?q=tbn:ANd9GcT7VFduUPg2OuHf6qdNl-BacFyvRHHI1gBWYQ&s
Roasted Chicken with Garlic and Thyme,https://i0.wp.com/tastesofthyme.com/wp-content/uploads/2021/11/Whole-Chicken-LR-2.jpg?resize=683%2C1024&ssl=1
Roasted Chicken with Herbed Cream Cheese Stuffing,https://www.throughthefibrofog.com/wp-content/uploads/2022/05/herb-cream-cheese-stuffed-chicken-1.jpg
Roasted Chicken with Herbed Cream Sauce,https://encrypted-tbn0.gstatic.com/images?q=tbn:ANd9GcSFn2Zcq_-pVyivTceqjRAwHJT2mjkS3XKtHw&s
Roasted Chicken with Herbs de Provence,https://static01.nyt.com/images/2022/04/23/dining/23MS-FOODMANREX/23MS-FOODMANREX-superJumbo-v5.jpg
Roasted Chicken with Honey-Glazed Carrots,https://encrypted-tbn0.gstatic.com/images?q=tbn:ANd9GcRJ4Z7BD3AhXdq2FiYvjSczAdvR8nHVW_L08w&s
Roasted Chicken with Lemon and Herbs,https://s23209.pcdn.co/wp-content/uploads/2018/06/211129_DAMN-DELICIOUS_Lemon-Herb-Roasted-Chx_059-760x1140.jpg
Roasted Chicken with Lemon and Thyme,https://static01.nyt.com/images/2016/09/28/dining/28ENTERTAIN3/28ENTERTAIN3-jumbo.jpg
"Roasted Chicken with Lemon, Thyme, and Garlic",https://encrypted-tbn0.gstatic.com/images?q=tbn:ANd9GcQHUBnJqE6ps_qwRfOoJ61AVBZLEfg70chAbA&s
Roasted Chicken with Lemon-Thyme Butter and Herbed Potatoes,https://encrypted-tbn0.gstatic.com/images?q=tbn:ANd9GcQ_3ELr2Y1XPaCrVyMkC8_7XipMwLXpQ2R0Qg&s
Roasted Chicken with Truffle Butter and Wild Mushrooms,https://encrypted-tbn0.gstatic.com/images?q=tbn:ANd9GcQOcAlFmYHHGxeoiYeu95fYqhpAwVC4u4TRPg&s
Roasted Chicken with Truffle Mashed Potatoes,https://encrypted-tbn0.gstatic.com/images?q=tbn:ANd9GcTMzNW1Gc6dfb4eehKed_ltDq1VKqiWDMLKqw&s
Roasted Chicken with Truffle Mashed Potatoes and Caramelized Onions,https://homebakedfood.wordpress.com/wp-content/uploads/2018/05/img_5441.jpg
Roasted Duck Breast with Cherry Compote,https://food.fnr.sndimg.com/content/dam/images/food/fullset/2023/7/10/WO2601-anne-burrell-seared-duck-breast-with-port-wine-cherry-sauce-jeff-mauro-crispy-duck-fat-potatoes-and-haricots-verts_s4x3.jpg.rend.hgtvcom.1280.960.suffix/1689024288646.webp
Roasted Duck Breast with Cherry Compote and Wild Rice,https://food.fnr.sndimg.com/content/dam/images/food/fullset/2023/7/10/WO2601-anne-burrell-seared-duck-breast-with-port-wine-cherry-sauce-jeff-mauro-crispy-duck-fat-potatoes-and-haricots-verts_s4x3.jpg.rend.hgtvcom.1280.960.suffix/1689024288646.webp
Roasted Eggplant Caponata with Ricotta Salata Cheese,https://i0.wp.com/smittenkitchen.com/wp-content/uploads//2015/09/caponata1.jpg?fit=640%2C427&ssl=1
Roasted Eggplant Parmesan with Fresh Basil and Burrata Cheese,https://encrypted-tbn0.gstatic.com/images?q=tbn:ANd9GcSc3h-xQ3AygDMdGqm_Wm1aNUDHPKPqcPqZgQ&s
Roasted Eggplant Parmigiana,https://cookieandkate.com/images/2017/10/best-eggplant-parmesan-recipe-2.jpg
Roasted Eggplant Parmigiana with Fresh Basil,https://encrypted-tbn0.gstatic.com/images?q=tbn:ANd9GcT2Kum9remKjuISLoaG4T9y1OHPFrSVmP0gUA&s
Roasted Eggplant Parmigiana with Fresh Basil and Mozzarella,https://encrypted-tbn0.gstatic.com/images?q=tbn:ANd9GcT2Kum9remKjuISLoaG4T9y1OHPFrSVmP0gUA&s
"Roasted Eggplant with Capers, Olives, and Burrata Cheese",https://bojongourmet.com/wp-content/uploads/2016/08/Caponata-Panzanella-12.jpg
Roasted Eggplant with Feta Cheese and Mint,https://encrypted-tbn0.gstatic.com/images?q=tbn:ANd9GcT9hpwjzeZVmnu-_GxIkS0Nl_AEXfpKXIw6pg&s
"Roasted Eggplant with Feta Cheese, Olives, and Sun-Dried Tomatoes",https://www.archanaskitchen.com//images/archanaskitchen/World_Salads/eggplant_rolls_sundried_tomato_feta_shutterstock_219335536.jpg
"Roasted Eggplant with Feta Cheese, Olives, and Sun-dried Tomatoes",https://encrypted-tbn0.gstatic.com/images?q=tbn:ANd9GcRkN0Jc02PfeEfsdMwrxE-7JsDO3la5WbWrzw&s
"Roasted Eggplant with Feta, Mint, and Lemon",https://www.liveeatlearn.com/wp-content/uploads/2017/08/roasted-eggplant-mint-sauce-feta-vert.jpg
"Roasted Eggplant with Feta, Mint, and Lemon Zest",https://images.squarespace-cdn.com/content/v1/52f44413e4b0a2718e43e0f9/1598888999201-EIXBRVCRL6MZSG70ZCIN/Spring_of_Thyme_Roasted_Eggplant_Cover1.jpg
"Roasted Eggplant with Feta, Olives, and Sun-Dried Tomatoes",https://i0.wp.com/www.freshfoodbliss.com/wp-content/uploads/2021/01/Untitled-design-3.png?fit=683%2C1024&ssl=1
Roasted Eggplant with Goat Cheese and Herbs,https://encrypted-tbn0.gstatic.com/images?q=tbn:ANd9GcQN8HgpAz5tMo1myyqU7UlqobYx3rSbGXf8GQ&s
"Roasted Eggplant with Goat Cheese, Basil, and Balsamic Glaze",https://encrypted-tbn0.gstatic.com/images?q=tbn:ANd9GcTb8F6OqO8BJkzgt7B108qZTdbd2uChiLQV8Q&s
"Roasted Eggplant with Goat Cheese, Olives, and Herbs",https://encrypted-tbn0.gstatic.com/images?q=tbn:ANd9GcSd7XnfiZxBuSL01SUULk4z4BCkok7oRS-Ysw&s
"Roasted Eggplant with Goat Cheese, Olives, and Sun-Dried Tomatoes",https://encrypted-tbn0.gstatic.com/images?q=tbn:ANd9GcSW3RbrkqtO_NRhDA1fiu_wx-5XTrgsOqIpJA&s
"Roasted Eggplant with Goat Cheese, Pesto, and Balsamic Glaze",https://encrypted-tbn0.gstatic.com/images?q=tbn:ANd9GcT3I63O6HwPh2kRDVNxawx4RRTJzHMdVVgvNQ&s
Roasted Eggplant with Tahini Sauce and Pine Nuts,https://www.seriouseats.com/thmb/pgpCtCB3ddxSy8R-dx34Kt3rdNU=/1500x0/filters:no_upscale():max_bytes(150000):strip_icc()/__opt__aboutcom__coeus__resources__content_migration__serious_eats__seriouseats.com__recipes__images__2016__03__20160410-roasted-eggplant-lentil-vegan-5-3bad9a90f7124917994e78b273ccc932.jpg
Roasted Eggplant with Whipped Feta and Mint,https://encrypted-tbn0.gstatic.com/images?q=tbn:ANd9GcQnD5j7GD_UPuGX6B-rAo-yP9MPLrICDtoKLQ&s
Roasted Pork Belly with Apple Cider Glaze and Braised Red Cabbage,https://freshchoice.imgix.net/assets/Roast-Pork-Belly-with-Sauteed-Cabbage.jpg
Roasted Pork Belly with Apple Compote,https://encrypted-tbn0.gstatic.com/images?q=tbn:ANd9GcQUnpMyZt4vSbE16OjWGZbHvSJmHO9lt2eDiA&s
Roasted Sweet Potato and Carrot Salad,https://encrypted-tbn0.gstatic.com/images?q=tbn:ANd9GcSAQBr-Oq1G1Abo3X6IA3Jibk10x4dhQ_6xEQ&s
Roasted Turkey Breast with Cranberry-Orange Relish,https://encrypted-tbn0.gstatic.com/images?q=tbn:ANd9GcQG8HP2s2feSRNXzzvDtZdTBnFenr9QYspbng&s
Roasted Vegetable Empanadas with Chimichurri Sauce,https://midwesternhomelife.com/wp-content/uploads/2021/03/baked-empanadas-recipe-4.jpg
Roasted Vegetable Empanadas with Spicy Aioli,https://encrypted-tbn0.gstatic.com/images?q=tbn:ANd9GcTd2YJY13LfAXugy8I3sNkS4DEUW1IOYUP6cA&s
Roasted Vegetable Paella,https://encrypted-tbn0.gstatic.com/images?q=tbn:ANd9GcQ57rJ5P_VYToZua4Ee8IZKifBokKD8ZW1K8Q&s
Roasted Vegetable Paella with Saffron Rice and Manchego Cheese,https://encrypted-tbn0.gstatic.com/images?q=tbn:ANd9GcQ57rJ5P_VYToZua4Ee8IZKifBokKD8ZW1K8Q&s
Roasted Vegetable Risotto,https://encrypted-tbn0.gstatic.com/images?q=tbn:ANd9GcSWIMoZq_RRAnNbqkcr5K-l6uZcLqou67B4Mw&s
Roasted Vegetable Risotto with Parmesan Cheese,https://encrypted-tbn0.gstatic.com/images?q=tbn:ANd9GcSWIMoZq_RRAnNbqkcr5K-l6uZcLqou67B4Mw&s
Roasted Vegetable Risotto with Truffle Oil,https://cravingcalifornia.com/wp-content/uploads/2024/10/Truffle-Mushroom-Risotto-3-copy.jpg
Roasted Vegetable Salad with Goat Cheese and Walnuts,https://encrypted-tbn0.gstatic.com/images?q=tbn:ANd9GcS_dq9YSFZvgpMJnT3wc8nfLDMvwJrg-RqdMQ&s
Roasted Vegetable Tart,https://encrypted-tbn0.gstatic.com/images?q=tbn:ANd9GcS0tauVkcUooRvJBc43jqG0DcrGp8ysvewv9w&s
Roasted Vegetable Tart with Caramelized Onions and Goat Cheese,https://encrypted-tbn0.gstatic.com/images?q=tbn:ANd9GcTgZvH5IHQVJjRB0prv2HwIJEngLvx-676XQw&s
Roasted Vegetable Tart with Goat Cheese,https://encrypted-tbn0.gstatic.com/images?q=tbn:ANd9GcTgZvH5IHQVJjRB0prv2HwIJEngLvx-676XQw&s
Roasted Vegetable Tart with Goat Cheese and Caramelized Onions,https://encrypted-tbn0.gstatic.com/images?q=tbn:ANd9GcTgZvH5IHQVJjRB0prv2HwIJEngLvx-676XQw&s
Roasted Vegetable Tart with Goat Cheese and Herbs,https://encrypted-tbn0.gstatic.com/images?q=tbn:ANd9GcTgZvH5IHQVJjRB0prv2HwIJEngLvx-676XQw&s
Roasted Vegetable Tart with Goat Cheese and Pesto,https://www.fromachefskitchen.com/wp-content/uploads/2020/07/Provencal-Vegetable-and-Goat-Cheese-Tart-8.jpg
Roasted Vegetable Tortilla Española with Manchego Cheese,https://www.gourmetfoodworld.com/images/product/medium/11489_1_.jpg
Saffron Risotto with Caramelized Onions and Roasted Vegetables,https://encrypted-tbn0.gstatic.com/images?q=tbn:ANd9GcSKWEtyJtijqTy9eX5pkHl5Q5WD3qOupLUZRQ&s
Sarmale (Romanian-style cabbage rolls with pork and rice),https://www.jocooks.com/wp-content/uploads/2019/04/cabbage-rolls-1-6.jpg
Sarmale with Sour Cream and Chives (Traditional Romanian Stuffed Cabbage Rolls),https://encrypted-tbn0.gstatic.com/images?q=tbn:ANd9GcQ1Ij1csftCXZFYBpd-a-Vd9mOJDVAR55xQRw&s
Sauerbraten (German Pot Roast),https://houseofnasheats.com/wp-content/uploads/2022/09/German-Sauerbraten-Recipe-Square-1-500x500.jpg
Sauerbraten (German Pot Roast) with Braised Red Cabbage,https://dirndlkitchen.com/wp-content/uploads/2018/01/german-beef-pot-roast-bofflamott23.jpg
Sauerbraten (German Pot Roast) with Braised Red Cabbage and Potato Dumplings,https://preview.redd.it/sauerbraten-with-kartoffelkn%C3%B6del-rotkohl-and-rosenkohl-sour-v0-lmuvgz1dovoc1.png?auto=webp&s=7a5304f114b3927c0b19fd61c3fa7554038968b1
Sauerbraten mit Kartoffeln und Salat (German-style pot roast with potatoes and salad),https://encrypted-tbn0.gstatic.com/images?q=tbn:ANd9GcSz-9_rkmD91vysrpQ_ce21tWTZ8p10DrKPyw&s
Seared Scallops with Citrus-Ginger Beurre Blanc,https://encrypted-tbn0.gstatic.com/images?q=tbn:ANd9GcSZFjGjqeV3xWSX9iH64issWC5ZIpqUh7EYTw&s
Seared Scallops with Garlic Butter and Microgreens,https://encrypted-tbn0.gstatic.com/images?q=tbn:ANd9GcTilLlVxEsXnDx2uH1DcQE0-ueMFxrMFUFrTg&s
Seared Scallops with Lemon-Garlic Butter,https://cafedelites.com/wp-content/uploads/2018/03/Garlic-Scallops-IMAGE-38.jpg
Shakshuka with Spicy Sausage and Crusty Bread,https://encrypted-tbn0.gstatic.com/images?q=tbn:ANd9GcRI_MlA_m3vOCZvxyjActfrEu9wRTSDgIhlog&s
Sichuan Hot Pot with Beef and Vegetables,https://www.hwcmagazine.com/wp-content/uploads/2012/02/Spicy-Sichuan-Hot-Pot-1295.jpg
Sicilian Cannoli with Candied Fruit and Chocolate Chips,https://i0.wp.com/memoriediangelina.com/wp-content/uploads/2023/01/Cannoli-2.jpg?fit=800%2C534&ssl=1
Sicilian Cannoli with Candied Fruit and Pistachio,https://encrypted-tbn0.gstatic.com/images?q=tbn:ANd9GcQ9smURebBPGTEGyS_kwbUr2xqJtvuu9HG-lw&s
Sicilian-Style Braised Beef with Eggplant and Tomatoes,https://www.sipandfeast.com/wp-content/uploads/2024/07/eggplant-caponata-recipe-7.jpg
Sicilian-Style Eggplant Parmigiana,https://www.insidetherustickitchen.com/wp-content/uploads/2017/08/Eggplant-Parmigiana-740px-Inside-the-Rustic-Kitchenx-2.jpg
Smoked Gouda and Fig Tartine,https://encrypted-tbn0.gstatic.com/images?q=tbn:ANd9GcRDXr0N43x5q06CP9N23xOhFzSteeVGmFXNT2nrasCGhmAK2CyYRL41_1xNLQTqiuFpHRw&usqp=CAU
Smoked Salmon Pâté,https://media-cdn2.greatbritishchefs.com/media/0uvgigwb/gbc_leap_crispin-1.whqc_768x512q90.jpg
Spiced Apple Crisp,https://encrypted-tbn0.gstatic.com/images?q=tbn:ANd9GcQRW8wJaHJok6keN3Cb3lyhEQU0PLZumDlsXA&s
Spiced Apple Strudel,https://cdn.mos.cms.futurecdn.net/yQJyPnVEUThmH4db2cg2MQ.jpg
Spiced Apple Tarts,https://encrypted-tbn0.gstatic.com/images?q=tbn:ANd9GcQXBNWe503jdo3KNJRCvEjOCxQKGMejhniZeg&s
Spiced Apple and Caramelized Onion Tart,https://assets.wsimgs.com/wsimgs/ab/images/dp/recipe/202508/0008/img55l.jpg
Spiced Apple and Caramelized Pecan Crisp,https://encrypted-tbn0.gstatic.com/images?q=tbn:ANd9GcSLee4UyyTO-nqnKMwnhL1Lk6eFzgvnz0VPMQ&s
Spiced Apple and Caramelized Pecan Tart,https://encrypted-tbn0.gstatic.com/images?q=tbn:ANd9GcQZsQllQ3U50xXHKHu_FJCgOS6M8GCFYq3J6w&s
Spiced Apple and Pear Crisp with Vanilla Ice Cream,https://thesaltedsweets.com/wp-content/uploads/2021/11/apple-pear-crisp-16-829x1024.jpg
Spiced Apple and Quince Crisp with Vanilla Ice Cream,https://encrypted-tbn0.gstatic.com/images?q=tbn:ANd9GcRnTwGzusjA35-XI_xQeshJdlLYxw--EM3yvw&s
Spiced Lamb Koftas with Roasted Vegetables and Quinoa,"https://res.cloudinary.com/hellochef/image/upload/c_scale,w_1084/dpr_2.0/f_webp/q_auto/c_scale,w_380/hxmzpfdlxf3fdegku9rr?_a=DATAdtAAZAA0"
Spiced Pheasant Breast with Cherry Compote,https://autoimmunewellness.com/wp-content/uploads/2017/06/batch_duck-breasts-with-spiced-cherries-pcess-1024x683.jpg
Spiced Pomegranate and Walnut Salad with Crispy Wonton Strips,https://ourbestbites.com/wp-content/uploads/2010/01/UB5A7826-2.jpg
Spicy Chorizo and Manchego Cheese Empanadas with Chimichurri Sauce,https://api.photon.aremedia.net.au/wp-content/uploads/sites/10/Gt/2021/09/20/9275/web_San-Telmo-s-beef-and-chorizo-empanadas-with-chimichurri-(1).jpg?fit=628%2C523
Spicy Shrimp Ceviche,https://encrypted-tbn0.gstatic.com/images?q=tbn:ANd9GcRrCN6F3aFZUypheSaVv-bs8T7tA1ZVHsFCcA&s
Spicy Shrimp Tacos,https://pinchofyum.com/wp-content/uploads/Shrimp-Tacos-with-Slaw-Square.jpg
Spicy Shrimp and Pineapple Skewers,https://thechowdownblog.com/wp-content/uploads/2021/06/pineapple-shrimp-skewer.jpg
Spicy Thai Green Papaya Salad,https://www.seriouseats.com/thmb/yKNZ9ICJC5ZNhzcYHdHENxogpFw=/1500x0/filters:no_upscale():max_bytes(150000):strip_icc()/20210928-Som-Tam-Thai-green-papaya-salad-vicky-wasik-24-f0d666fc609f49a0b9f34897bd2c6303.jpg
Spinach and Feta Stuffed Chicken Breast,https://www.eatingwell.com/thmb/lAEwtQROBY8pEVjuip5Q-eSfQ3U=/1500x0/filters:no_upscale():max_bytes(150000):strip_icc()/1501p130-spinach-feta-stuffed-chicken-breasts-8030825-66b09a00be4340c6a6af32fda656319c.jpg
Spätzle mit Käse (German Cheese Spaetzle),https://platedcravings.com/wp-content/uploads/2016/09/Kaesespaetzle-Recipe-Plated-Cravings-8.jpg
Spätzle with Caramelized Onions and Crispy Bacon,https://www.katiescucina.com/wp-content/uploads/2021/10/Spaetzle-Bacon-and-Onions.jpg
Spätzle with Caramelized Onions and Fresh Thyme,https://www.31daily.com/wp-content/uploads/2017/06/md_spaetzle.jpg
Spätzle with Caramelized Onions and Gruyère,https://encrypted-tbn0.gstatic.com/images?q=tbn:ANd9GcSpKszVkeST4UrbJlVLN9iY24opOrS_HsoaFA&s
Steamed Asparagus with Lemon Butter,https://encrypted-tbn0.gstatic.com/images?q=tbn:ANd9GcRgFxgNUTdywCNOjrjCcdudJ6evpjbHkdd2gA&s
Steamed Asparagus with Lemon Butter and Parmesan Cheese,https://encrypted-tbn0.gstatic.com/images?q=tbn:ANd9GcQJPQJSL39n5vVQIX75OdZOgSTnCKwV9MFXoQ&s
Steamed Dumplings with Ginger and Soy Sauce,https://static1.squarespace.com/static/55be995de4b071c106b3b4c0/t/65f4d6397e77b5579cc9b0c9/1563476987530/Crispy+Ginger+and+Carrot+Bok+Choy+Dumplings+-+Eat+Cho+Food?format=1500w
Steamed Dumplings with Soy-Glazed Pork,https://www.allrecipes.com/thmb/tCt2q6Sly6Spyu7fsM5c3Vxs8DI=/1500x0/filters:no_upscale():max_bytes(150000):strip_icc()/14759-pork-dumplings-DDMFS-4x3-f87c9459ec73475f9dcab4cc651c46d3.jpg
Steamed Edamame,"https://hips.hearstapps.com/hmg-prod/images/steamed-edamame-6-1655147916.jpg?crop=0.8890666666666666xw:1xh;center,top&resize=1200:*"
Steamed Oysters with Mignonette Sauce,https://www.simplyrecipes.com/thmb/6Gw4DXWANepP0JGZ61QBcOePibM=/1500x0/filters:no_upscale():max_bytes(150000):strip_icc()/Simply-Recipes-Mignonette-LEAD-2-1e426f17a36d447089ff1ca2e22afa55.jpg
Steamed Scallops with Garlic Butter,https://cafedelites.com/wp-content/uploads/2018/03/Garlic-Scallops-IMAGE-38.jpg
Steamed Scallops with Garlic Butter and Microgreens,https://encrypted-tbn0.gstatic.com/images?q=tbn:ANd9GcR7GNgAwh7RsGk6BbnuxAnZFs5edKTIqmG05g&s
Steamed Scallops with Lemon Butter,https://s23209.pcdn.co/wp-content/uploads/2015/03/230524_DD_Lemon-Butter-Scallops_259-760x1140.jpg
Steamed Scallops with Lemon-Garlic Butter,https://www.eatingwell.com/thmb/JNNdCy6V5aVQPWwYIb6q2eDi9QU=/1500x0/filters:no_upscale():max_bytes(150000):strip_icc()/7883005-f9888a45eef5450781cb61d19b69df13.jpg
Stilton Cheese with Fig Jam and Crackers,https://ohjoy.blogs.com/.a/6a00d8341c6a0853ef0162fbd17e0e970d-pi
Stilton Cheese with Fresh Figs and Toasted Almonds,https://encrypted-tbn0.gstatic.com/images?q=tbn:ANd9GcTN8Z9ImUGjgjFEmekxB0oV424rigEOsRVp7g&s
Tarte Flambée,"https://img.sndimg.com/food/image/upload/q_92,fl_progressive,w_1200,c_scale/v1/img/recipes/36/52/98/zlnHjcK2RZC1aFGncNMC_TARTE_FLAMBEE_H_f.jpg"
Tarte Flambée with Caramelized Onions and Bacon,https://encrypted-tbn0.gstatic.com/images?q=tbn:ANd9GcTcqL9YcBqRU0jfh0zCGI6k20_BYn_HLyXI_A&s
Tarte Flambée with Caramelized Onions and Goat Cheese,https://preview.redd.it/week-9-caramelizing-goat-cheese-caramelized-onions-balsamic-v0-zemfnj4hsppe1.jpg?width=640&crop=smart&auto=webp&s=9d1710a3ee140b6899f278bb4406c7cd878461af
"Tarte Flambée with Caramelized Onions, Bacon, and Fresh Thyme",https://marleyspoon.com/media/recipes/270557/main_photos/large/tarte_flambee_with_bacon_fontina-263d361d2d417b103f85b8ad1347edb0.jpeg
"Tarte Flambée with Caramelized Onions, Bacon, and Gruyère",https://marleyspoon.com/media/recipes/270557/main_photos/large/tarte_flambee_with_bacon_fontina-263d361d2d417b103f85b8ad1347edb0.jpeg
Tarte Flambée with Caramelized Shallots and Goat Cheese,https://encrypted-tbn0.gstatic.com/images?q=tbn:ANd9GcR58EEOtNIGaZzv5Fe8lBCcSeLwAqc8kyVAnQ&s
Tarte Flambée with Goat Cheese and Caramelized Onions,https://preview.redd.it/week-9-caramelizing-goat-cheese-caramelized-onions-balsamic-v0-zemfnj4hsppe1.jpg?width=640&crop=smart&auto=webp&s=9d1710a3ee140b6899f278bb4406c7cd878461af
Tarte Tatin with Caramelized Apple and Crème Fraîche,https://www.foodandwine.com/thmb/sCQROROob_SpXutP_o_gOSxsQ8s=/1500x0/filters:no_upscale():max_bytes(150000):strip_icc()/201209-r-xl-tarte-tatin-with-creme-fraiche-2000-4cc04d9d8aeb430594dd40f737cc09f7.jpg
Tarte Tatin with Caramelized Apples,https://encrypted-tbn0.gstatic.com/images?q=tbn:ANd9GcS60zy6IV-xvDX8nUHrDCZ1WJKRE_0mqcY7PA&s
Tarte Tatin with Caramelized Apples and Crème Fraîche,https://www.foodandwine.com/thmb/sCQROROob_SpXutP_o_gOSxsQ8s=/1500x0/filters:no_upscale():max_bytes(150000):strip_icc()/201209-r-xl-tarte-tatin-with-creme-fraiche-2000-4cc04d9d8aeb430594dd40f737cc09f7.jpg
Tiramisu,https://staticcookist.akamaized.net/wp-content/uploads/sites/22/2024/09/THUMB-VIDEO-2_rev1-56.jpeg
Tiramisù with Ladyfingers and Espresso,https://handletheheat.com/wp-content/uploads/2023/12/best-tiramisu-recipe-SQUARE.jpg
Torta de Aceite con Miel (Olive Oil Cake with Honey),https://food.fnr.sndimg.com/content/dam/images/food/fullset/2024/07/29/OLIVE_OIL_HONEY_CAKE_H_f.jpg.rend.hgtvcom.616.462.suffix/1722282246333.webp
Torta de Mil Hojas (Thousand-Leaf Cake),https://artisanbakeryinc.com/wp-content/uploads/2022/11/ArtisanBakery_MilHojasCakePiece.jpg
Tortilla Española,https://mojo.generalmills.com/api/public/content/9xIHKwJDH0-1wbHPsVCCVQ_gmi_hi_res_jpeg.jpeg?v=2bfc22c6&t=16e3ce250f244648bef28c5949fb99ff
Tortilla Española with Smoked Paprika Aioli,https://encrypted-tbn0.gstatic.com/images?q=tbn:ANd9GcQIio3OxuwCEUzUwF66DDQIoorK-QAXcw8sxw&s
Truffle Risotto,https://somuchfoodblog.com/wp-content/uploads/2018/12/63fe1-trufflerisotto5.jpg
Truffle Risotto with Caramelized Onions and Parmesan,https://encrypted-tbn0.gstatic.com/images?q=tbn:ANd9GcQcTjEMhCvZM9vP9qW1dTVqRqHn0y3jinUPHg&s
Truffle Risotto with Caramelized Onions and Parmesan Cheese,https://www.ciaochowbambina.com/wp-content/uploads/2019/09/Easy-Parmesan-Risotto-with-Caramelized-Mushrooms-10-of-10-10-of-1.jpg
Truffle Risotto with Parmesan Cheese,https://encrypted-tbn0.gstatic.com/images?q=tbn:ANd9GcQ_OOuh-zvOHUx8Uufj2Ww6W63p1d9QyoHuFA&s
Truffle Risotto with Roasted Mushrooms,https://madaboutfood.co/wp-content/uploads/2024/01/Wild-Mushroom-Truffle-Risotto-8.jpg
Truffle and Fontina Stuffed Portobello Mushrooms,https://encrypted-tbn0.gstatic.com/images?q=tbn:ANd9GcQI4Jge5Y_bfj1bptgiUx_vY83ykAOn-E2dyA&s
Truffle and Fontina Stuffed Portobello Mushrooms with Arugula Salad,https://encrypted-tbn0.gstatic.com/images?q=tbn:ANd9GcTiNnP__eDdbLcyGNpN3FFRF7z-RESHKLvWDQ&s
Truffle and Mushroom Crostini,https://encrypted-tbn0.gstatic.com/images?q=tbn:ANd9GcRmqC7jPJu_LyjFxDc8B5Q14MZovhfOy3mbmQ&s
Truffle and Mushroom Risotto,https://somuchfoodblog.com/wp-content/uploads/2018/12/63fe1-trufflerisotto5-e1587928372407.jpg
Vitello Tonnato,https://www.cookeatworld.com/wp-content/uploads/2021/01/Vitello-Tonnato-Horizontal-2-500x500.jpg
Walnut and Honey Cake with Whipped Cream,https://encrypted-tbn0.gstatic.com/images?q=tbn:ANd9GcRVK_RD-OyBMZ28G0voeFaaYt7tOicNbZXHcA&s
Wiener Schnitzel,https://encrypted-tbn0.gstatic.com/images?q=tbn:ANd9GcQxdneCVWGXo8Ac8ZRQqjin4hl-yCja-5EnZg&s
Wiener Schnitzel with Braised Red Cabbage and Apple Compote,https://endsandstems.com/wp-content/uploads/2021/03/F5E7DB59-ABF5-4030-B1D2-9FD3976D38BE_1_201_a-scaled.jpeg
Wiener Schnitzel with Lemon Butter and Capers,https://encrypted-tbn0.gstatic.com/images?q=tbn:ANd9GcS9yYuqJ0qmQXKYqitPPpinaXggwq-bvRwSxg&s
Wiener Schnitzel with Potato Salad,https://www.foodandwine.com/thmb/UwNPKn5DwCe_63NcfJ1liKdRUF4=/1500x0/filters:no_upscale():max_bytes(150000):strip_icc()/classic-schnitzel-with-german-potato-salad-FT-MAG-RECIPE-0324-fc5364b5a0dc42b885bdafbf4ce4446f.jpg
Wiener Schnitzel with Potato-Cucumber Salad,https://encrypted-tbn0.gstatic.com/images?q=tbn:ANd9GcRWhHAhuWtJUsbBjuDW_VUb_vUWm9xAlCibHw&s
Wild Mushroom Risotto,https://images.themodernproper.com/production/posts/2019/Wild-Mushroom-Risotto-25.jpg?w=1200&q=82&auto=format&fit=crop&dm=1726712380&s=6eddcacd522a86429a24ac9bd8bce0da
Wild Mushroom Risotto with Truffle Oil,https://somuchfoodblog.com/wp-content/uploads/2018/12/63fe1-trufflerisotto5.jpg
Wild Mushroom Risotto with Truffle Oil and Parmesan Cheese,https://somuchfoodblog.com/wp-content/uploads/2018/12/63fe1-trufflerisotto5.jpg
Wild Mushroom Tartlets with Caramelized Onions and Thyme,https://feelgoodfoodie.net/wp-content/uploads/2019/12/Mushroom-Tartlets-14.jpg
Wild Mushroom and Leek Tart,https://encrypted-tbn0.gstatic.com/images?q=tbn:ANd9GcR7YhUYoLBCD3_-SwiAzguOJDg3ekad65_G6w&s
Wild Mushroom and Leek Tart with Truffle Oil,https://static01.nyt.com/images/2014/03/28/dining/goatcheesetart-still/goatcheesetart-still-superJumbo.jpg
Wild Mushroom and Leek Tartlet,https://encrypted-tbn0.gstatic.com/images?q=tbn:ANd9GcStuzR0pYKNCo2B_bPVN-UAXhbZ21FxIVOb7w&s
Wild Mushroom and Leek Tartlets,https://encrypted-tbn0.gstatic.com/images?q=tbn:ANd9GcStuzR0pYKNCo2B_bPVN-UAXhbZ21FxIVOb7w&s
Wild Mushroom and Truffle Risotto,https://www.sweetteaandthyme.com/wp-content/uploads/2023/11/truffle-mushroom-risotto-overhead-close.jpg
Winter Fruit Tart with Whipped Cream and Caramelized Pecans,https://encrypted-tbn0.gstatic.com/images?q=tbn:ANd9GcQ20RsGoFsFPUlVG5JYgtAyUMM5b7Z-py_5Kg&s
Asparagus and Prosciutto Tart,https://www.yourultimatemenu.com/wp-content/uploads/2018/11/Asparagus-and-Prosciutto-Tart-1466px.jpg
Chicken Cordon Bleu with Apple Cider Jus,https://app.ckbk.com/images/v5/eyJrZXkiOiJpbWFnZXMvcmVnaTE3NzUyYzAxczAwMXIwMjJnMDEuanBnIiwiZWRpdHMiOnsicmVzaXplIjp7IndpZHRoIjoxMDAwLCJoZWlnaHQiOjEwMDAsImZpdCI6Imluc2lkZSJ9fX0=?signature=6adfe5f37df3c1f5d59eeb974e97bf21acdb35ed33da06495690da9fa0798d1b
Chicken Cordon Bleu with Apple Compote,https://simplebites.net/wp-content/uploads/2010/10/3953300651_f14b3a7acc.jpg
Fresh Greens Salad with Goat Cheese and Walnuts,https://encrypted-tbn0.gstatic.com/images?q=tbn:ANd9GcQKhOQuGfq_rjK-PE1vg1Uu4DxZSFYZ_FLQKg&s
Galician-Style Steamed Mussels,https://data.thefeedfeed.com/recommended/post_133802.jpeg
Goat Cheese Salad with Fresh Greens and Walnuts,https://food.fnr.sndimg.com/content/dam/images/food/fullset/2013/10/7/0/FNK_Spinach-Salad-with-Goat-Cheese-and-Walnuts_s4x3.jpg.rend.hgtvcom.1280.1280.suffix/1389118193613.webp
Grilled Asparagus with Parmesan Cheese and Balsamic Glaze,https://alexandracooks.com/wp-content/uploads/2021/05/asparagussalad2_alexandraskitchen.jpg
Grilled Chicken Salad with Walnuts and Goat Cheese,https://www.eatingbirdfood.com/wp-content/uploads/2019/03/pear-salad-5.jpg
Grilled Lamb Chops,"https://cdn.apartmenttherapy.info/image/upload/f_jpg,q_auto:eco,c_fill,g_auto,w_1500,ar_1:1/k%2FPhoto%2FRecipes%2F2021-03-easter-lamb-chops%2F2021_easter_grilled_lambchops_shot1_067"
Grilled Pork Chops with Apple Cider Glaze and Roasted Vegetables,https://encrypted-tbn0.gstatic.com/images?q=tbn:ANd9GcR4FcuqaW0X03I1dg2y81BCaRAV6C1CR2YLNQ&s
Grilled Salmon with Lemon-Herb Quinoa,https://mealpractice.b-cdn.net/137437137338503168/grilled-lemon-herb-salmon-with-roasted-vegetables-and-quinoa-MRlVbV938C.webp
Grilled Scallops with Lemon Butter,https://s23209.pcdn.co/wp-content/uploads/2015/03/230524_DD_Lemon-Butter-Scallops_259-760x1140.jpg
Lemon-Herb Quinoa Salad with Roasted Asparagus and Goat Cheese,https://data.thefeedfeed.com/recommended/post_1872510.jpg
Pan-Seared Asparagus with Lemon-Parmesan Risotto,https://encrypted-tbn0.gstatic.com/images?q=tbn:ANd9GcT5KRoJPE1DBPeFARX-KthQaW_gwURBJ8jMAw&s
Pan-Seared Scallops with Citrus-Herb Beurre Blanc,https://cdn.prod.website-files.com/6425f03eadc96686600b6d52/65037b9440b03e4a1bbaece1_Pan-Seared%20Scallops%20with%20Lemon%20Beurre%20Blanc%20and%20Fennel%20Salad.png
Pan-Seared Scallops with Lychee-Ginger Beurre Blanc,https://encrypted-tbn0.gstatic.com/images?q=tbn:ANd9GcQgay1AqI7xwU8Hd9gqza69376Uk3ds9YsAFA&s
Pork Tenderloin with Apple Cider Glaze,https://cdn11.bigcommerce.com/s-cjh14ahqln/product_images/uploaded_images/apple-glazed-pork-loin-web.jpg
Provençal Lamb Chops with Garlic and Rosemary,https://img.taste.com.au/cuGlEk27/taste/2016/11/rosemary-and-garlic-lamb-chops-91778-1.jpeg
Provençal Vegetable Tart with Goat Cheese and Olives,https://www.fromachefskitchen.com/wp-content/uploads/2020/07/Provencal-Vegetable-and-Goat-Cheese-Tart-5-500x500.jpg
Rillettes de Canard (Duck Rillettes) with Toasted Baguette,https://epicureanglobalexchange.com/wp-content/uploads/2021/03/duckrillettes4.jpg
Roasted Butternut Squash and Caramelized Onion Tart with Fresh Thyme,https://www.afarmgirlsdabbles.com/wp-content/uploads/2021/10/Butternut-Squash-Tart-with-Caramelized-Onion-14s-scaled.jpg
Saffron Risotto with Roasted Vegetables and Goat Cheese,https://encrypted-tbn0.gstatic.com/images?q=tbn:ANd9GcQI1NQ35ypIKFKRhuzF7iMSoChP3ZcpoASymA&s
Smoked Salmon Canapés with Crème Fraîche,https://www.seafoodfromnorway.co.uk/contentassets/bd7e569ff51a44b3bc5ad92aec44d1d9/full_norwegian-smoked-salmon-canapes-with-cream-cheese.jpg
Spiced Apple Tarte Tatin with Caramelized Pecans,https://i0.wp.com/tastefoodblog.com/wp-content/uploads/2012/09/tarte-tatin-tastefood1.jpg
Spiced Apple and Pear Tart with Caramelized Pecans,https://i0.wp.com/marilenaskitchen.com/wp-content/uploads/2019/10/Pear-Puff-Pastry-Tart-with-Ice-Cream.jpeg?resize=1024%2C803&ssl=1
Steamed Asparagus with Lemon-Parmesan Cheese,https://lenaskitchenblog.com/wp-content/uploads/2025/04/Garlic-Parmesan-Asparagus-8.jpg
Steamed Asparagus with Lemon-Parmesan Sauce and Prosciutto,https://encrypted-tbn0.gstatic.com/images?q=tbn:ANd9GcQTkQFjaadvX5fGen6ewPU4JqU1mtkhWXtdOA&s
Steamed Asparagus with Parmesan Cheese,https://encrypted-tbn0.gstatic.com/images?q=tbn:ANd9GcRshdh3LFiRkpHIYNUkgwIFQM49aUEBU6-HHg&s
Steamed Edamame with Miso Butter,https://marleyspoon.com/media/recipes/256023/main_photos/large/seared-24d4a611a886804bdca68d348495807c.jpeg
Steamed Edamame with Sesame Oil and Sea Salt,https://images.services.kitchenstories.io/P35ZhSf7mNJW3ntmAmX57XxtMEM=/3840x0/filters:quality(80)/images.kitchenstories.io/wagtailOriginalImages/R2958-final-photo-.jpg
Steamed Shrimp with Lemon Butter,https://www.savoringitaly.com/wp-content/uploads/2023/10/lemon-shrimp-9.jpg
Steamed Shrimp with Lemon-Garlic Butter,https://www.savoringitaly.com/wp-content/uploads/2023/10/lemon-shrimp-9.jpg
